,year,selling_price,km_driven,fuel,seller_type,transmission,owner
0,2007.0,60000,70000.0,Petrol,Individual,Manual,1.0
1,2007.0,135000,50000.0,Petrol,Individual,Manual,1.0
2,2012.0,600000,100000.0,Diesel,Individual,Manual,1.0
3,2017.0,250000,46000.0,Petrol,Individual,Manual,1.0
4,2014.0,450000,141000.0,Diesel,Individual,Manual,2.0
5,2007.0,140000,125000.0,Petrol,Individual,Manual,1.0
6,2016.0,550000,25000.0,Petrol,Individual,Manual,1.0
7,2014.0,240000,60000.0,Petrol,Individual,Manual,2.0
8,2015.0,850000,25000.0,Petrol,Individual,Manual,1.0
9,2017.0,365000,78000.0,CNG,Individual,Manual,1.0
10,2015.0,260000,35000.0,Petrol,Individual,Manual,1.0
11,2014.0,250000,100000.0,Petrol,Individual,Manual,1.0
12,2007.0,135000,50000.0,Diesel,Individual,Manual,1.0
13,2014.0,450000,60000.0,Diesel,Individual,Manual,2.0
14,2017.0,365000,78000.0,Diesel,Individual,Manual,1.0
15,2015.0,585000,24000.0,Petrol,Dealer,Manual,1.0
16,2019.0,1195000,5000.0,Diesel,Dealer,Manual,1.0
17,2013.0,390000,33000.0,Diesel,Individual,Manual,2.0
18,2018.0,975000,4500.0,Diesel,Dealer,Automatic,1.0
19,2018.0,930000,14500.0,Petrol,Dealer,Manual,1.0
20,2018.0,525000,15000.0,Petrol,Individual,Manual,1.0
21,2011.0,450000,130400.0,Diesel,Dealer,Automatic,2.0
22,2016.0,900000,50000.0,Petrol,Individual,Automatic,1.0
23,2010.0,850000,119000.0,Petrol,Dealer,Automatic,1.0
24,2014.0,229999,60000.0,Petrol,Individual,Manual,4.0
25,2012.0,625000,40000.0,Diesel,Individual,Manual,1.0
26,2014.0,1050000,50000.0,Diesel,Individual,Manual,1.0
27,2014.0,560000,74000.0,Diesel,Individual,Manual,2.0
28,2014.0,290000,64000.0,Petrol,Individual,Manual,2.0
29,2012.0,275000,60000.0,Petrol,Individual,Manual,2.0
30,2009.0,411000,120000.0,Diesel,Individual,Manual,2.0
31,2009.0,150000,79000.0,Petrol,Individual,Manual,3.0
32,2019.0,500000,15000.0,Petrol,Individual,Manual,1.0
33,2006.0,100000,80000.0,Petrol,Individual,Manual,1.0
34,2017.0,725000,18500.0,Diesel,Dealer,Manual,1.0
35,2018.0,401000,10200.0,Petrol,Dealer,Manual,1.0
36,2018.0,750000,29000.0,Diesel,Dealer,Manual,1.0
37,2018.0,310000,28000.0,Petrol,Dealer,Manual,1.0
38,2016.0,665000,46000.0,Diesel,Dealer,Manual,1.0
39,2014.0,465000,70000.0,Diesel,Individual,Manual,1.0
40,2012.0,160000,60000.0,Petrol,Individual,Manual,2.0
41,2014.0,675000,90000.0,Diesel,Dealer,Manual,1.0
42,2013.0,300000,80000.0,Petrol,Dealer,Manual,1.0
43,2005.0,70000,80000.0,Diesel,Individual,Manual,1.0
44,2014.0,240000,73300.0,Petrol,Dealer,Manual,2.0
45,2014.0,525000,92000.0,Diesel,Dealer,Manual,1.0
46,2009.0,151000,66764.0,Petrol,Dealer,Manual,2.0
47,2009.0,140000,100000.0,Petrol,Individual,Manual,1.0
48,2011.0,350000,60000.0,Diesel,Individual,Manual,1.0
49,2017.0,570000,60000.0,Diesel,Individual,Manual,1.0
50,2018.0,300000,31000.0,Petrol,Individual,Manual,1.0
51,2007.0,100000,39000.0,Diesel,Individual,Manual,1.0
52,2009.0,500000,120000.0,Diesel,Individual,Manual,3.0
53,2006.0,130000,110000.0,Petrol,Individual,Manual,3.0
54,2017.0,925000,35000.0,Diesel,Individual,Manual,1.0
55,2018.0,750000,60000.0,Diesel,Individual,Manual,1.0
56,2007.0,200000,54000.0,Petrol,Individual,Automatic,2.0
57,2010.0,248000,63000.0,Diesel,Individual,Manual,2.0
58,2014.0,450000,120000.0,Diesel,Individual,Manual,2.0
59,2005.0,80000,120000.0,Petrol,Individual,Manual,3.0
60,2014.0,650000,76000.0,Petrol,Individual,Manual,2.0
61,2015.0,450000,80000.0,Diesel,Individual,Manual,1.0
62,2019.0,650000,25000.0,Diesel,Individual,Manual,1.0
63,2016.0,495000,11958.0,Petrol,Dealer,Manual,1.0
64,2015.0,371000,20000.0,Petrol,Dealer,Manual,1.0
65,2017.0,1025000,9000.0,Petrol,Dealer,Manual,1.0
66,2015.0,750000,70000.0,Diesel,Individual,Manual,1.0
67,2013.0,600000,120000.0,Diesel,Individual,Manual,1.0
68,2007.0,80000,58000.0,Petrol,Dealer,Manual,2.0
69,2013.0,325000,62200.0,Diesel,Individual,Manual,1.0
70,2015.0,350000,53000.0,Diesel,Individual,Manual,2.0
71,2017.0,210000,15000.0,Petrol,Dealer,Manual,2.0
72,2013.0,450000,50000.0,Petrol,Individual,Manual,1.0
73,2013.0,1150000,53000.0,Diesel,Dealer,Automatic,1.0
74,2009.0,210000,63500.0,Petrol,Dealer,Automatic,1.0
75,2008.0,175000,29173.0,Petrol,Dealer,Manual,1.0
76,2017.0,628000,120000.0,Diesel,Individual,Manual,1.0
77,2010.0,600000,100000.0,Diesel,Individual,Manual,1.0
78,2017.0,399000,30000.0,Petrol,Individual,Manual,1.0
79,2019.0,750000,15000.0,Petrol,Individual,Manual,1.0
80,2017.0,315000,16000.0,Petrol,Individual,Manual,1.0
81,2012.0,600000,60000.0,Diesel,Individual,Manual,1.0
82,2010.0,100000,60000.0,Petrol,Individual,Manual,4.0
83,2011.0,250000,110000.0,Petrol,Individual,Manual,3.0
84,2017.0,350000,25000.0,Petrol,Individual,Manual,1.0
85,2016.0,780000,60000.0,Diesel,Individual,Manual,1.0
86,2014.0,434000,79350.0,Diesel,Individual,Manual,2.0
87,2016.0,690000,80000.0,Petrol,Individual,Automatic,1.0
88,2014.0,555000,90000.0,Diesel,Individual,Manual,2.0
89,2007.0,120000,60000.0,Petrol,Individual,Manual,2.0
90,2014.0,500000,120000.0,Diesel,Individual,Manual,2.0
91,2013.0,165000,60000.0,Diesel,Individual,Manual,2.0
92,2004.0,95000,50000.0,Diesel,Individual,Manual,1.0
93,2018.0,550000,20000.0,Petrol,Individual,Manual,1.0
94,2007.0,100000,110000.0,Diesel,Individual,Manual,4.0
95,2012.0,100000,50000.0,Petrol,Individual,Manual,2.0
96,2012.0,500000,100000.0,Diesel,Individual,Manual,1.0
97,2016.0,800000,70000.0,Diesel,Individual,Manual,2.0
98,2016.0,840000,70000.0,Diesel,Individual,Manual,2.0
99,2016.0,490000,50000.0,Petrol,Individual,Manual,1.0
100,2010.0,125000,81000.0,Diesel,Individual,Manual,2.0
101,2012.0,400000,120000.0,Diesel,Individual,Manual,3.0
102,2014.0,1000000,3600.0,Diesel,Dealer,Manual,1.0
103,2015.0,530000,60000.0,Petrol,Dealer,Manual,1.0
104,2017.0,840000,49213.0,Diesel,Dealer,Manual,1.0
105,2015.0,229999,40000.0,Petrol,Individual,Manual,1.0
106,2012.0,130000,80000.0,Petrol,Individual,Manual,1.0
107,2015.0,200000,70000.0,Petrol,Individual,Manual,1.0
108,2011.0,120000,70000.0,Diesel,Individual,Manual,1.0
109,2003.0,75000,57000.0,Diesel,Individual,Manual,1.0
110,2016.0,250000,120000.0,Diesel,Individual,Manual,1.0
111,2005.0,100000,30000.0,Petrol,Individual,Manual,1.0
112,2013.0,280000,60000.0,Petrol,Individual,Manual,2.0
113,2015.0,540000,5000.0,Petrol,Individual,Manual,1.0
114,2018.0,700000,10000.0,Petrol,Individual,Manual,1.0
115,2015.0,525000,100000.0,Diesel,Individual,Manual,1.0
116,2016.0,430000,80000.0,Diesel,Individual,Manual,1.0
117,2002.0,65000,60000.0,Petrol,Individual,Manual,1.0
118,2018.0,800000,35000.0,Diesel,Individual,Manual,1.0
119,2007.0,75000,60000.0,Petrol,Individual,Manual,2.0
120,2008.0,210000,53772.0,Petrol,Individual,Manual,1.0
121,2012.0,195000,140000.0,Diesel,Individual,Manual,2.0
122,2015.0,400000,120000.0,Diesel,Individual,Manual,1.0
123,2012.0,170000,60000.0,Petrol,Individual,Manual,1.0
124,2016.0,225000,25000.0,Petrol,Individual,Manual,1.0
125,2014.0,210000,60000.0,LPG,Individual,Manual,1.0
126,2020.0,240000,120000.0,Petrol,Individual,Manual,1.0
127,2011.0,99000,100000.0,Petrol,Individual,Manual,3.0
128,2014.0,620000,36000.0,Petrol,Individual,Manual,1.0
129,2013.0,500000,30000.0,Diesel,Individual,Manual,1.0
130,2013.0,260000,70000.0,Petrol,Individual,Manual,2.0
131,2017.0,550000,60000.0,Petrol,Individual,Manual,1.0
132,2011.0,150000,155500.0,Diesel,Individual,Manual,1.0
133,2011.0,350000,50000.0,Petrol,Individual,Automatic,2.0
134,2016.0,320000,40000.0,Petrol,Individual,Manual,1.0
135,2015.0,400000,100000.0,Diesel,Individual,Manual,3.0
136,2012.0,175000,80000.0,Petrol,Individual,Manual,3.0
137,2011.0,120000,90000.0,Petrol,Individual,Manual,2.0
138,2013.0,320000,90000.0,Diesel,Individual,Manual,2.0
139,2006.0,70000,110000.0,Petrol,Individual,Manual,3.0
140,2019.0,810000,15000.0,Petrol,Individual,Manual,1.0
141,2007.0,95000,60000.0,Petrol,Individual,Manual,2.0
142,2020.0,282000,40000.0,CNG,Individual,Manual,1.0
143,2004.0,80000,60000.0,Petrol,Individual,Manual,2.0
144,2013.0,72000,25000.0,Petrol,Individual,Manual,1.0
145,2016.0,600000,25000.0,Petrol,Individual,Manual,1.0
146,2015.0,640000,23000.0,Petrol,Individual,Manual,1.0
147,2018.0,380000,22155.0,Petrol,Individual,Manual,1.0
148,2018.0,650000,70000.0,Petrol,Individual,Manual,1.0
149,2009.0,150000,60000.0,Petrol,Individual,Manual,2.0
150,2009.0,280000,110000.0,Petrol,Individual,Manual,2.0
151,2018.0,430000,30000.0,Petrol,Individual,Manual,1.0
152,2019.0,800000,15000.0,Diesel,Individual,Manual,1.0
153,2003.0,75000,100000.0,Diesel,Individual,Manual,2.0
154,2016.0,650000,70000.0,Diesel,Individual,Automatic,1.0
155,2017.0,390000,24000.0,Petrol,Individual,Manual,1.0
156,2005.0,100000,120000.0,Petrol,Individual,Manual,2.0
157,2007.0,175000,78380.0,Petrol,Individual,Manual,1.0
158,2012.0,434999,110000.0,Diesel,Individual,Manual,2.0
159,2010.0,170000,90000.0,Diesel,Individual,Manual,3.0
160,2011.0,190000,90000.0,Diesel,Individual,Manual,3.0
161,2009.0,250000,150000.0,Diesel,Individual,Manual,3.0
162,2006.0,140000,70000.0,Petrol,Individual,Manual,3.0
163,2017.0,600000,80362.0,Diesel,Individual,Manual,1.0
164,2012.0,280000,110000.0,Petrol,Individual,Manual,3.0
165,2012.0,150000,60000.0,Diesel,Individual,Manual,1.0
166,2015.0,650000,50000.0,Diesel,Individual,Automatic,1.0
167,2014.0,210000,40000.0,Petrol,Individual,Manual,2.0
168,2013.0,425000,20000.0,Diesel,Dealer,Manual,1.0
169,2014.0,265000,55000.0,Petrol,Dealer,Manual,1.0
170,2018.0,890000,1136.0,Petrol,Dealer,Manual,1.0
171,2013.0,365000,55000.0,Petrol,Dealer,Manual,1.0
172,2014.0,350000,43000.0,Petrol,Dealer,Manual,1.0
173,2016.0,685000,60000.0,Diesel,Individual,Manual,1.0
174,2018.0,940000,2650.0,Diesel,Dealer,Manual,1.0
175,2017.0,1000000,40000.0,Diesel,Individual,Manual,1.0
176,2019.0,1150000,15000.0,Petrol,Dealer,Manual,1.0
177,2016.0,450000,115962.0,Diesel,Individual,Manual,2.0
178,2015.0,590000,65000.0,Diesel,Dealer,Manual,1.0
179,2017.0,800000,40000.0,Diesel,Individual,Manual,1.0
180,2012.0,385000,58000.0,Diesel,Dealer,Manual,1.0
181,2012.0,235000,54000.0,Petrol,Dealer,Manual,1.0
182,2017.0,640000,56000.0,Diesel,Dealer,Manual,1.0
183,2006.0,52000,120000.0,Diesel,Individual,Manual,3.0
184,2009.0,80000,90000.0,Diesel,Individual,Manual,2.0
185,2012.0,140000,70000.0,Petrol,Individual,Manual,2.0
186,2008.0,120000,90000.0,Petrol,Individual,Manual,2.0
187,2012.0,180000,120000.0,Diesel,Individual,Manual,1.0
188,2017.0,700000,10000.0,Petrol,Individual,Manual,1.0
189,2012.0,285000,80000.0,Diesel,Individual,Manual,2.0
190,2015.0,390000,90000.0,Petrol,Individual,Manual,1.0
191,2008.0,125000,80000.0,Petrol,Individual,Manual,1.0
192,2008.0,225000,60000.0,Petrol,Individual,Manual,2.0
193,2011.0,175000,139000.0,Petrol,Individual,Manual,2.0
194,2011.0,1075000,160000.0,Diesel,Individual,Manual,2.0
195,2014.0,300000,150000.0,Diesel,Individual,Manual,1.0
196,2010.0,700000,163000.0,Diesel,Individual,Manual,4.0
197,2009.0,90000,120000.0,Diesel,Dealer,Manual,1.0
198,2011.0,120000,120000.0,Diesel,Individual,Manual,2.0
199,2012.0,220000,100000.0,Diesel,Individual,Manual,2.0
200,2015.0,300000,140000.0,Diesel,Dealer,Manual,1.0
201,2010.0,180000,87000.0,Diesel,Dealer,Manual,2.0
202,2013.0,170000,70000.0,Petrol,Individual,Manual,1.0
203,2015.0,300000,50000.0,Petrol,Individual,Manual,2.0
204,2014.0,1050000,70000.0,Diesel,Individual,Manual,1.0
205,2018.0,465000,25000.0,Diesel,Individual,Manual,1.0
206,2011.0,130000,80000.0,Diesel,Individual,Manual,2.0
207,2018.0,434999,10000.0,Petrol,Individual,Manual,1.0
208,2018.0,500000,32000.0,Petrol,Individual,Manual,1.0
209,2018.0,200000,10000.0,Petrol,Individual,Manual,1.0
210,2017.0,625000,52000.0,Petrol,Dealer,Manual,1.0
211,2006.0,110000,120000.0,Diesel,Individual,Manual,3.0
212,2019.0,800000,11240.0,Petrol,Individual,Manual,1.0
213,2017.0,490000,66000.0,Diesel,Dealer,Manual,1.0
214,2017.0,880000,64000.0,Diesel,Dealer,Manual,1.0
215,2013.0,290000,49000.0,Petrol,Individual,Manual,1.0
216,2006.0,115999,100000.0,Diesel,Individual,Manual,2.0
217,2018.0,360000,26500.0,Petrol,Individual,Manual,1.0
218,2002.0,65000,100000.0,Petrol,Individual,Manual,2.0
219,2017.0,685000,72000.0,Diesel,Dealer,Manual,1.0
220,2009.0,300000,50000.0,Petrol,Individual,Manual,1.0
221,2017.0,680000,44000.0,Diesel,Dealer,Manual,1.0
222,2017.0,1000000,60000.0,Diesel,Individual,Manual,2.0
223,2002.0,100000,120000.0,Diesel,Individual,Manual,1.0
224,2010.0,160000,130000.0,Diesel,Individual,Manual,1.0
225,2017.0,450000,70000.0,Diesel,Individual,Manual,1.0
226,2014.0,600000,20000.0,Petrol,Individual,Manual,1.0
227,2009.0,180000,60000.0,Diesel,Individual,Manual,2.0
228,2010.0,120000,90000.0,Petrol,Individual,Manual,2.0
229,2006.0,130000,80000.0,Petrol,Individual,Manual,3.0
230,2011.0,160000,155000.0,Petrol,Individual,Manual,1.0
231,2019.0,860000,35000.0,Diesel,Individual,Manual,1.0
232,2018.0,650000,60000.0,Petrol,Individual,Manual,2.0
233,2010.0,100000,80000.0,Petrol,Individual,Manual,2.0
234,2017.0,282000,20000.0,Petrol,Individual,Manual,1.0
235,2010.0,270000,110000.0,Petrol,Individual,Manual,2.0
236,2013.0,550000,29000.0,Diesel,Individual,Manual,1.0
237,2013.0,450000,120000.0,Diesel,Individual,Manual,1.0
238,2011.0,430000,70000.0,Diesel,Individual,Manual,2.0
239,2013.0,350000,40000.0,Petrol,Individual,Manual,1.0
240,2017.0,350000,20000.0,Petrol,Individual,Manual,1.0
241,2013.0,229999,50000.0,Petrol,Individual,Manual,2.0
242,2013.0,110000,50000.0,Petrol,Individual,Manual,1.0
243,2012.0,395000,49000.0,Petrol,Individual,Manual,2.0
244,2011.0,650000,60000.0,Diesel,Individual,Automatic,2.0
245,2011.0,350000,90000.0,Diesel,Individual,Manual,2.0
246,2018.0,360000,60000.0,Petrol,Individual,Manual,1.0
247,2015.0,800000,15000.0,Diesel,Individual,Manual,1.0
248,2018.0,229999,30000.0,Petrol,Individual,Manual,1.0
249,2014.0,315000,41000.0,Petrol,Dealer,Manual,1.0
250,2012.0,125000,28000.0,Petrol,Individual,Manual,1.0
251,2019.0,700000,60000.0,Petrol,Individual,Manual,1.0
252,2015.0,160000,70000.0,Petrol,Individual,Manual,1.0
253,2017.0,530000,10832.0,Petrol,Dealer,Manual,1.0
254,2018.0,624000,14681.0,Diesel,Dealer,Manual,1.0
255,2009.0,250000,50000.0,Petrol,Individual,Manual,1.0
256,2016.0,585000,51000.0,Diesel,Dealer,Manual,1.0
257,2015.0,500000,25000.0,Petrol,Individual,Manual,1.0
258,2014.0,350000,30000.0,Petrol,Individual,Manual,1.0
259,2014.0,495000,80000.0,Diesel,Dealer,Manual,1.0
260,2017.0,500000,60000.0,Petrol,Individual,Manual,1.0
261,2013.0,345000,44000.0,Petrol,Dealer,Manual,1.0
262,2015.0,500000,60000.0,Petrol,Individual,Manual,1.0
263,2019.0,425000,60000.0,Petrol,Individual,Manual,1.0
264,2005.0,80000,40000.0,Petrol,Individual,Manual,2.0
265,2011.0,106000,50000.0,Diesel,Individual,Manual,1.0
266,2009.0,180000,46730.0,Petrol,Individual,Manual,1.0
267,2015.0,250000,40000.0,Petrol,Individual,Manual,2.0
268,2011.0,350000,80000.0,Diesel,Individual,Manual,1.0
269,2002.0,60000,80000.0,Petrol,Individual,Manual,2.0
270,2018.0,900000,24000.0,Diesel,Individual,Manual,1.0
271,2017.0,700000,21170.0,Diesel,Dealer,Manual,1.0
272,2007.0,160000,120000.0,Diesel,Individual,Manual,3.0
273,2012.0,525000,140000.0,Petrol,Individual,Automatic,1.0
274,2019.0,800000,30000.0,Diesel,Individual,Manual,1.0
275,2017.0,700000,88635.0,Diesel,Dealer,Manual,1.0
276,2018.0,800000,25000.0,Diesel,Individual,Manual,1.0
277,2017.0,575000,20000.0,Petrol,Individual,Manual,2.0
278,2012.0,350000,110000.0,Diesel,Individual,Manual,2.0
279,2008.0,250000,120000.0,Diesel,Individual,Manual,3.0
280,2011.0,600000,149674.0,Diesel,Dealer,Manual,2.0
281,2007.0,370000,100000.0,Diesel,Individual,Manual,3.0
282,2006.0,80000,120000.0,Petrol,Individual,Manual,3.0
283,2003.0,50000,120000.0,Diesel,Individual,Manual,2.0
284,2018.0,900000,25000.0,Diesel,Individual,Manual,1.0
285,2014.0,300000,35000.0,Petrol,Individual,Manual,2.0
286,2002.0,125000,40000.0,Petrol,Individual,Manual,1.0
287,2015.0,490000,60000.0,Diesel,Individual,Manual,2.0
288,2012.0,300000,50000.0,Diesel,Individual,Manual,2.0
289,2013.0,55000,25000.0,Petrol,Individual,Manual,4.0
290,2016.0,350000,25000.0,Petrol,Individual,Manual,1.0
291,2019.0,755000,8000.0,Diesel,Individual,Manual,1.0
292,2017.0,720000,60000.0,Diesel,Individual,Manual,1.0
293,2018.0,1100000,20000.0,Diesel,Individual,Manual,1.0
294,2013.0,400000,100000.0,Petrol,Individual,Manual,1.0
295,2015.0,350000,70000.0,Diesel,Individual,Manual,2.0
296,2012.0,159000,68000.0,Diesel,Dealer,Manual,1.0
297,2017.0,550000,38000.0,Petrol,Dealer,Manual,1.0
298,2013.0,335000,80000.0,Diesel,Dealer,Manual,1.0
299,2014.0,185000,72000.0,CNG,Dealer,Manual,1.0
300,2012.0,229999,75000.0,CNG,Dealer,Manual,1.0
301,2014.0,225000,43000.0,Petrol,Dealer,Manual,1.0
302,2007.0,250000,120000.0,Petrol,Individual,Manual,2.0
303,2015.0,400000,100000.0,Diesel,Individual,Manual,1.0
304,2014.0,470000,163000.0,Diesel,Individual,Manual,1.0
305,2018.0,300000,25000.0,Petrol,Individual,Automatic,1.0
306,2011.0,145000,25000.0,Petrol,Individual,Manual,1.0
307,2007.0,100000,90000.0,Petrol,Individual,Manual,2.0
308,2014.0,500000,70000.0,Diesel,Individual,Manual,2.0
309,2010.0,130000,98000.0,CNG,Individual,Manual,2.0
310,2010.0,240000,81925.0,Diesel,Individual,Manual,1.0
311,2013.0,150000,80000.0,Diesel,Individual,Manual,2.0
312,2017.0,270000,40000.0,Petrol,Individual,Manual,1.0
313,2014.0,400000,90000.0,Diesel,Individual,Manual,1.0
314,2012.0,200000,46000.0,Petrol,Individual,Manual,1.0
315,2012.0,550000,80000.0,Diesel,Individual,Manual,1.0
316,2018.0,325000,35000.0,Petrol,Individual,Manual,1.0
317,2017.0,860000,82080.0,Diesel,Individual,Automatic,1.0
318,2009.0,125000,60000.0,Petrol,Individual,Manual,1.0
319,2010.0,300000,120000.0,Diesel,Individual,Manual,3.0
320,2007.0,190000,60000.0,Petrol,Individual,Manual,3.0
321,2013.0,400000,110000.0,Diesel,Individual,Manual,1.0
322,2011.0,260000,97000.0,Diesel,Individual,Manual,2.0
323,2017.0,400000,30000.0,Petrol,Individual,Manual,1.0
324,2010.0,250000,40000.0,Petrol,Individual,Manual,1.0
325,2019.0,600000,10000.0,Petrol,Individual,Manual,1.0
326,2010.0,175000,52047.0,Petrol,Individual,Manual,1.0
327,2019.0,350000,15000.0,Petrol,Individual,Automatic,2.0
328,2018.0,800000,50000.0,Diesel,Individual,Manual,1.0
329,2011.0,250000,70000.0,Petrol,Individual,Manual,2.0
330,2017.0,600000,90000.0,Diesel,Individual,Manual,1.0
331,2016.0,130000,40000.0,Petrol,Individual,Manual,1.0
332,2006.0,90000,62009.0,Petrol,Individual,Manual,2.0
333,2017.0,595000,33100.0,Petrol,Individual,Manual,2.0
334,2014.0,190000,40000.0,Petrol,Individual,Manual,2.0
335,2007.0,95000,80000.0,Petrol,Individual,Manual,1.0
336,2016.0,1000000,70000.0,Diesel,Individual,Manual,1.0
337,2010.0,400000,50000.0,Diesel,Individual,Manual,1.0
338,2015.0,315000,45000.0,Petrol,Individual,Manual,2.0
339,2014.0,1000000,110000.0,Diesel,Individual,Manual,1.0
340,2014.0,500000,49000.0,Diesel,Individual,Manual,1.0
341,2017.0,500000,160000.0,Diesel,Individual,Manual,1.0
342,2007.0,105000,60000.0,Petrol,Individual,Manual,2.0
343,2008.0,400000,110000.0,Diesel,Individual,Manual,3.0
344,2004.0,80000,60000.0,Petrol,Individual,Manual,3.0
345,2016.0,300000,30000.0,Petrol,Individual,Manual,1.0
346,2017.0,409999,40000.0,Diesel,Individual,Manual,1.0
347,2009.0,250000,70000.0,Petrol,Individual,Manual,1.0
348,2010.0,250000,120000.0,Diesel,Individual,Manual,2.0
349,2012.0,215000,80000.0,Diesel,Individual,Manual,3.0
350,2018.0,475000,20000.0,Petrol,Individual,Manual,1.0
351,2018.0,475000,22000.0,Petrol,Individual,Manual,1.0
352,2008.0,75000,35000.0,Petrol,Individual,Manual,2.0
353,2013.0,200000,60000.0,Diesel,Individual,Manual,2.0
354,2019.0,575000,8000.0,Petrol,Individual,Manual,1.0
355,2011.0,150000,40000.0,Diesel,Individual,Manual,2.0
356,2018.0,850000,10000.0,Diesel,Individual,Manual,1.0
357,2019.0,350000,30000.0,Petrol,Individual,Manual,1.0
358,2011.0,550000,54000.0,Diesel,Individual,Manual,2.0
359,2017.0,330000,80577.0,Petrol,Individual,Manual,1.0
360,2017.0,1044999,25000.0,Diesel,Individual,Manual,1.0
361,2011.0,300000,127500.0,Diesel,Individual,Manual,2.0
362,2015.0,235000,40903.0,Petrol,Dealer,Manual,1.0
363,2011.0,120000,60000.0,Petrol,Individual,Manual,3.0
364,2004.0,130000,46000.0,Petrol,Individual,Manual,1.0
365,2004.0,275000,60000.0,Diesel,Dealer,Manual,2.0
366,2015.0,500000,30000.0,Diesel,Individual,Manual,2.0
367,2015.0,400000,61690.0,Diesel,Dealer,Manual,1.0
368,2015.0,600000,64484.0,Petrol,Dealer,Manual,1.0
369,2013.0,400000,60000.0,Diesel,Dealer,Manual,2.0
370,2011.0,220000,70000.0,Diesel,Individual,Manual,2.0
371,2012.0,300000,85962.0,Petrol,Dealer,Manual,2.0
372,2018.0,250000,120000.0,Petrol,Individual,Manual,1.0
373,2015.0,600000,120000.0,Diesel,Individual,Manual,1.0
374,2012.0,285000,75000.0,Petrol,Individual,Automatic,2.0
375,2009.0,350000,57035.0,Petrol,Dealer,Manual,1.0
376,2011.0,170000,70000.0,Diesel,Individual,Manual,3.0
377,2015.0,229999,45000.0,Petrol,Individual,Manual,1.0
378,2013.0,500000,72104.0,Diesel,Dealer,Manual,2.0
379,2011.0,75000,15000.0,Petrol,Individual,Manual,1.0
380,2016.0,600000,60000.0,Petrol,Individual,Manual,1.0
381,2011.0,220000,80000.0,Diesel,Individual,Manual,1.0
382,2009.0,150000,164000.0,Diesel,Individual,Manual,2.0
383,2006.0,65000,124439.0,Petrol,Individual,Manual,2.0
384,2006.0,120000,77000.0,Petrol,Individual,Manual,2.0
385,2014.0,240000,90000.0,Diesel,Individual,Manual,1.0
386,2017.0,390000,30000.0,Petrol,Individual,Manual,1.0
387,2012.0,180000,50000.0,Petrol,Individual,Manual,1.0
388,2012.0,320000,80000.0,Diesel,Individual,Manual,2.0
389,2018.0,310000,5000.0,Petrol,Individual,Manual,1.0
390,2018.0,420000,24000.0,Diesel,Individual,Automatic,1.0
391,2019.0,550000,10000.0,Petrol,Individual,Manual,1.0
392,2016.0,550000,78000.0,Diesel,Individual,Manual,3.0
393,2018.0,760000,50000.0,Diesel,Individual,Manual,1.0
394,2001.0,43000,60000.0,Petrol,Individual,Manual,2.0
395,2018.0,250000,20000.0,Petrol,Individual,Manual,1.0
396,2019.0,500000,1250.0,Petrol,Individual,Manual,1.0
397,2015.0,380000,17152.0,Petrol,Individual,Manual,1.0
398,2012.0,350000,77000.0,Diesel,Individual,Manual,1.0
399,2008.0,195000,90000.0,Diesel,Individual,Manual,2.0
400,2011.0,225000,80000.0,Petrol,Individual,Manual,2.0
401,2015.0,1125000,65000.0,Diesel,Individual,Manual,1.0
402,2011.0,133000,80000.0,Diesel,Individual,Manual,1.0
403,2013.0,200000,24005.0,Petrol,Individual,Manual,1.0
404,2018.0,940000,20000.0,Diesel,Individual,Manual,1.0
405,2014.0,400000,120000.0,Diesel,Individual,Manual,1.0
406,2009.0,120000,120000.0,Petrol,Individual,Manual,2.0
407,2015.0,625000,60000.0,Diesel,Individual,Manual,1.0
408,2005.0,110000,80000.0,Petrol,Individual,Manual,1.0
409,2012.0,490000,100000.0,Diesel,Individual,Manual,1.0
410,2009.0,140000,120000.0,Petrol,Individual,Manual,2.0
411,2011.0,175000,149000.0,Diesel,Individual,Manual,2.0
412,2005.0,90000,65000.0,Petrol,Individual,Manual,2.0
413,2009.0,275000,100000.0,Diesel,Individual,Manual,2.0
414,2011.0,300000,65000.0,Diesel,Individual,Manual,2.0
415,2018.0,270000,19000.0,Petrol,Individual,Manual,2.0
416,2010.0,130000,80000.0,Petrol,Individual,Manual,2.0
417,2015.0,275000,30000.0,Petrol,Individual,Manual,1.0
418,2012.0,352000,109000.0,Diesel,Individual,Manual,1.0
419,2012.0,180000,90000.0,LPG,Individual,Manual,1.0
420,2012.0,150000,90000.0,Petrol,Individual,Manual,1.0
421,2010.0,300000,110000.0,Diesel,Individual,Manual,2.0
422,2007.0,225000,120000.0,Diesel,Individual,Manual,1.0
423,2014.0,600000,44000.0,Diesel,Individual,Manual,1.0
424,2015.0,500000,80000.0,Petrol,Individual,Manual,1.0
425,2018.0,900000,5000.0,Petrol,Individual,Manual,1.0
426,2016.0,600000,61000.0,Petrol,Individual,Manual,1.0
427,2011.0,450000,100000.0,Diesel,Individual,Manual,2.0
428,2009.0,270000,27633.0,Petrol,Individual,Manual,1.0
429,2010.0,310000,100000.0,Diesel,Individual,Manual,3.0
430,2012.0,250000,100000.0,LPG,Individual,Manual,1.0
431,2019.0,700000,12586.0,Petrol,Dealer,Manual,1.0
432,2018.0,650000,38083.0,Diesel,Dealer,Manual,1.0
433,2012.0,400000,55328.0,Diesel,Dealer,Manual,1.0
434,2012.0,425000,81632.0,Diesel,Dealer,Manual,1.0
435,2016.0,600000,155201.0,Diesel,Dealer,Manual,1.0
436,2013.0,600000,93283.0,Diesel,Dealer,Manual,1.0
437,2012.0,450000,90165.0,Diesel,Dealer,Manual,1.0
438,2014.0,750000,101504.0,Diesel,Dealer,Manual,1.0
439,2010.0,325000,60000.0,Diesel,Dealer,Manual,2.0
440,2013.0,900000,85036.0,Diesel,Dealer,Manual,2.0
441,2006.0,180000,91086.0,Petrol,Dealer,Manual,2.0
442,2013.0,350000,160254.0,Diesel,Dealer,Manual,2.0
443,2013.0,600000,125531.0,Diesel,Dealer,Manual,2.0
444,2019.0,900000,60000.0,Diesel,Individual,Manual,1.0
445,2006.0,350000,60000.0,Diesel,Individual,Manual,1.0
446,2013.0,280000,90000.0,Diesel,Individual,Manual,3.0
447,2009.0,225000,120000.0,Diesel,Individual,Manual,2.0
448,2014.0,520000,82000.0,Diesel,Individual,Manual,1.0
449,2016.0,509999,60000.0,Diesel,Individual,Manual,1.0
450,2019.0,556000,24000.0,Petrol,Individual,Manual,1.0
451,2014.0,225000,120000.0,Diesel,Individual,Manual,1.0
452,2013.0,325000,65000.0,Diesel,Dealer,Manual,1.0
453,2013.0,365000,65000.0,Diesel,Dealer,Manual,1.0
454,2015.0,850000,84000.0,Diesel,Dealer,Manual,1.0
455,2013.0,350000,75000.0,Diesel,Dealer,Manual,1.0
456,2007.0,225000,50000.0,Diesel,Dealer,Manual,1.0
457,2011.0,135000,50000.0,Petrol,Individual,Manual,1.0
458,2007.0,140000,49000.0,Petrol,Dealer,Manual,1.0
459,2015.0,275000,14365.0,Petrol,Dealer,Manual,1.0
460,2013.0,484999,65000.0,Diesel,Dealer,Manual,1.0
461,2015.0,565000,65000.0,Diesel,Dealer,Manual,1.0
462,2013.0,425000,61083.0,Diesel,Dealer,Manual,1.0
463,2013.0,925000,75000.0,Diesel,Individual,Manual,1.0
464,2012.0,565000,72000.0,Diesel,Dealer,Manual,1.0
465,2014.0,525000,65000.0,Diesel,Dealer,Manual,1.0
466,2015.0,295000,21000.0,Petrol,Dealer,Manual,2.0
467,2017.0,1100000,10000.0,Petrol,Individual,Automatic,1.0
468,2016.0,670000,7104.0,Petrol,Trustmark Dealer,Manual,1.0
469,2015.0,750000,45974.0,Diesel,Trustmark Dealer,Manual,1.0
470,2015.0,760000,55340.0,Petrol,Trustmark Dealer,Manual,1.0
471,2017.0,850000,20000.0,Petrol,Dealer,Automatic,2.0
472,2015.0,390000,60000.0,Diesel,Trustmark Dealer,Manual,1.0
473,2016.0,450000,39415.0,Petrol,Trustmark Dealer,Automatic,2.0
474,2014.0,425000,29654.0,Petrol,Trustmark Dealer,Manual,1.0
475,2016.0,770000,64672.0,Diesel,Trustmark Dealer,Manual,1.0
476,2015.0,1150000,54634.0,Diesel,Trustmark Dealer,Automatic,2.0
477,2015.0,775000,66521.0,Petrol,Trustmark Dealer,Manual,1.0
478,2013.0,450000,1000.0,Diesel,Dealer,Manual,2.0
479,2016.0,535000,52600.0,Diesel,Individual,Manual,1.0
480,2012.0,225000,110000.0,Petrol,Individual,Manual,2.0
481,2017.0,550000,19890.0,Petrol,Dealer,Automatic,1.0
482,2015.0,625000,11918.0,Petrol,Trustmark Dealer,Manual,1.0
483,2017.0,520000,10510.0,Petrol,Dealer,Automatic,1.0
484,2016.0,239000,41000.0,Petrol,Dealer,Manual,1.0
485,2012.0,229999,49824.0,Petrol,Dealer,Manual,1.0
486,2005.0,80000,56580.0,Petrol,Dealer,Manual,1.0
487,2012.0,385000,52000.0,Diesel,Dealer,Manual,1.0
488,2017.0,600000,46507.0,Diesel,Trustmark Dealer,Manual,1.0
489,2015.0,760000,55340.0,Petrol,Individual,Manual,1.0
490,2015.0,625000,60000.0,Petrol,Trustmark Dealer,Manual,1.0
491,2015.0,750000,60000.0,Diesel,Trustmark Dealer,Manual,1.0
492,2014.0,239000,41000.0,Petrol,Dealer,Manual,1.0
493,2015.0,760000,60000.0,Petrol,Trustmark Dealer,Manual,1.0
494,2014.0,350000,50000.0,Petrol,Individual,Manual,2.0
495,2014.0,114999,30000.0,Petrol,Individual,Manual,1.0
496,2013.0,380000,50000.0,Petrol,Individual,Manual,2.0
497,2016.0,900000,35000.0,Diesel,Individual,Manual,1.0
498,2012.0,200999,90000.0,Petrol,Individual,Manual,2.0
499,2014.0,229999,11451.0,Petrol,Individual,Manual,1.0
500,2019.0,800000,60000.0,Diesel,Individual,Manual,1.0
501,2018.0,600000,60000.0,Diesel,Individual,Manual,1.0
502,2005.0,150000,150000.0,Diesel,Individual,Manual,1.0
503,2009.0,150000,66000.0,Diesel,Individual,Manual,1.0
504,2014.0,380000,5000.0,Petrol,Individual,Manual,1.0
505,2006.0,80000,66508.0,Petrol,Individual,Manual,2.0
506,2007.0,225000,55000.0,Petrol,Individual,Manual,2.0
507,2012.0,75000,29900.0,Petrol,Individual,Manual,1.0
508,2012.0,185000,85000.0,Diesel,Individual,Manual,1.0
509,2011.0,425000,50000.0,Diesel,Individual,Manual,1.0
510,2010.0,100000,120000.0,Diesel,Individual,Manual,2.0
511,2008.0,140000,90000.0,Petrol,Individual,Manual,3.0
512,2017.0,710000,8000.0,Petrol,Individual,Automatic,1.0
513,2015.0,450000,7900.0,Petrol,Individual,Automatic,1.0
514,2017.0,210000,50000.0,Petrol,Individual,Manual,1.0
515,2016.0,270000,25000.0,Petrol,Individual,Manual,1.0
516,2009.0,110000,20000.0,Petrol,Individual,Manual,1.0
517,2018.0,540000,17500.0,Petrol,Individual,Manual,1.0
518,2008.0,145000,25000.0,Petrol,Individual,Manual,1.0
519,2013.0,250000,88600.0,LPG,Individual,Manual,1.0
520,2012.0,110000,80000.0,Diesel,Individual,Manual,1.0
521,2008.0,250000,100000.0,Diesel,Individual,Manual,4.0
522,2010.0,140000,60000.0,Petrol,Individual,Manual,1.0
523,2019.0,925000,11000.0,Petrol,Individual,Manual,1.0
524,2017.0,969999,30000.0,Diesel,Individual,Manual,1.0
525,2007.0,90000,80000.0,CNG,Individual,Manual,3.0
526,2001.0,55000,60000.0,Petrol,Individual,Manual,3.0
527,2007.0,155000,100000.0,Diesel,Individual,Manual,4.0
528,2019.0,900000,15000.0,Diesel,Individual,Manual,1.0
529,2011.0,135000,90000.0,Petrol,Individual,Manual,1.0
530,2012.0,180000,120000.0,Petrol,Individual,Manual,1.0
531,2013.0,495000,100000.0,Diesel,Individual,Manual,2.0
532,2009.0,400000,138000.0,Diesel,Individual,Manual,3.0
533,2008.0,250000,110000.0,Diesel,Individual,Manual,2.0
534,2015.0,138000,120000.0,Petrol,Individual,Manual,4.0
535,2011.0,311000,70000.0,Petrol,Individual,Automatic,2.0
536,2015.0,190000,70000.0,Petrol,Individual,Manual,1.0
537,2011.0,311000,140000.0,Diesel,Individual,Manual,1.0
538,2009.0,300000,15000.0,Petrol,Individual,Manual,1.0
539,2009.0,550000,100000.0,Diesel,Individual,Manual,1.0
540,2015.0,600000,70000.0,Petrol,Individual,Automatic,1.0
541,2018.0,195000,5000.0,Petrol,Individual,Manual,1.0
542,2013.0,58000,27974.0,Petrol,Individual,Manual,1.0
543,2018.0,183000,40000.0,Petrol,Individual,Manual,1.0
544,2013.0,250000,38000.0,Petrol,Individual,Manual,1.0
545,2014.0,400000,35000.0,Petrol,Individual,Manual,1.0
546,2012.0,409999,60000.0,Diesel,Individual,Manual,2.0
547,2004.0,120000,120000.0,Diesel,Individual,Manual,2.0
548,2018.0,600000,18000.0,Petrol,Individual,Automatic,1.0
549,2015.0,825000,90000.0,Diesel,Individual,Manual,3.0
550,2016.0,625000,80000.0,Diesel,Individual,Manual,2.0
551,2020.0,700000,1400.0,Diesel,Individual,Manual,1.0
552,2011.0,160000,60000.0,Petrol,Individual,Manual,1.0
553,2011.0,114999,60000.0,Petrol,Individual,Manual,3.0
554,2009.0,150000,53000.0,Petrol,Individual,Manual,1.0
555,2010.0,250000,100000.0,Diesel,Dealer,Manual,1.0
556,2012.0,390000,86000.0,Diesel,Individual,Manual,2.0
557,2015.0,650000,100000.0,Diesel,Individual,Manual,1.0
558,2016.0,600000,30000.0,Diesel,Individual,Manual,1.0
559,2011.0,250000,120000.0,Petrol,Individual,Manual,1.0
560,2011.0,229999,60000.0,LPG,Individual,Manual,2.0
561,2016.0,299000,50000.0,Diesel,Individual,Manual,2.0
562,2010.0,330000,124000.0,Diesel,Individual,Manual,2.0
563,2012.0,180000,100000.0,Petrol,Individual,Manual,3.0
564,2017.0,475000,42000.0,Petrol,Individual,Manual,1.0
565,2015.0,325000,100000.0,Diesel,Individual,Manual,1.0
566,2016.0,639000,28205.0,Petrol,Dealer,Manual,1.0
567,2017.0,415000,32670.0,Petrol,Dealer,Automatic,1.0
568,2016.0,1199000,30093.0,Diesel,Dealer,Automatic,1.0
569,2013.0,525000,56228.0,CNG,Dealer,Manual,1.0
570,2013.0,425000,59319.0,Petrol,Dealer,Manual,1.0
571,2016.0,699000,39503.0,Diesel,Dealer,Manual,1.0
572,2013.0,325000,35299.0,Petrol,Dealer,Manual,1.0
573,2011.0,275000,51687.0,Petrol,Dealer,Manual,1.0
574,2011.0,269000,76259.0,Petrol,Dealer,Automatic,1.0
575,2013.0,399000,44049.0,Diesel,Dealer,Manual,1.0
576,2017.0,475000,45087.0,Diesel,Dealer,Manual,1.0
577,2011.0,249000,41125.0,Petrol,Dealer,Manual,1.0
578,2011.0,254999,54206.0,Petrol,Dealer,Manual,1.0
579,2012.0,269000,52547.0,Petrol,Dealer,Manual,1.0
580,2014.0,665000,59110.0,Diesel,Dealer,Manual,1.0
581,2014.0,299000,54565.0,Petrol,Dealer,Manual,1.0
582,2010.0,265000,47564.0,Petrol,Dealer,Manual,2.0
583,2010.0,211000,45143.0,Petrol,Dealer,Manual,2.0
584,2013.0,599000,61624.0,Petrol,Dealer,Automatic,2.0
585,2014.0,550000,50000.0,Diesel,Individual,Manual,1.0
586,2010.0,220000,120000.0,Diesel,Individual,Manual,2.0
587,2019.0,500000,20000.0,Petrol,Individual,Manual,1.0
588,2013.0,325000,60000.0,Diesel,Individual,Manual,1.0
589,2010.0,210000,90000.0,Petrol,Individual,Manual,3.0
590,2008.0,110000,90000.0,Petrol,Individual,Manual,2.0
591,2019.0,1200000,25000.0,Diesel,Individual,Manual,1.0
592,2017.0,229999,40000.0,Petrol,Individual,Manual,1.0
593,2006.0,165000,132000.0,Petrol,Individual,Manual,1.0
594,2018.0,525000,10980.0,Petrol,Dealer,Automatic,1.0
595,2018.0,325000,20629.0,Petrol,Dealer,Manual,1.0
596,2015.0,400000,30000.0,Petrol,Individual,Automatic,1.0
597,2015.0,550000,69782.0,Petrol,Dealer,Manual,1.0
598,2003.0,98000,54000.0,Petrol,Individual,Manual,1.0
599,2013.0,900000,63654.0,Diesel,Dealer,Manual,1.0
600,2017.0,700000,60000.0,Diesel,Individual,Manual,1.0
601,2015.0,890000,52000.0,Diesel,Dealer,Manual,1.0
602,2015.0,490000,59385.0,Diesel,Dealer,Manual,1.0
603,2015.0,525000,70378.0,Petrol,Dealer,Manual,1.0
604,2013.0,330000,55425.0,Petrol,Dealer,Manual,1.0
605,2013.0,550000,78413.0,Diesel,Dealer,Manual,2.0
606,2018.0,790000,40890.0,Diesel,Dealer,Manual,1.0
607,2015.0,350000,34823.0,Petrol,Dealer,Manual,2.0
608,2017.0,750000,55545.0,Diesel,Dealer,Manual,1.0
609,2014.0,409999,60000.0,Diesel,Dealer,Manual,1.0
610,2016.0,220000,43700.0,Petrol,Individual,Manual,1.0
611,2009.0,68000,120000.0,Petrol,Individual,Manual,2.0
612,2017.0,290000,20000.0,Petrol,Individual,Manual,1.0
613,2014.0,600000,27483.0,Diesel,Dealer,Manual,1.0
614,2019.0,470000,8000.0,Petrol,Individual,Manual,1.0
615,2008.0,150000,30000.0,Petrol,Individual,Manual,1.0
616,2014.0,180000,56207.0,Diesel,Dealer,Manual,2.0
617,2006.0,80000,70000.0,Petrol,Individual,Manual,1.0
618,2018.0,875000,1440.0,Petrol,Individual,Manual,1.0
619,2019.0,300000,50000.0,Petrol,Individual,Manual,1.0
620,2011.0,220000,63657.0,Diesel,Dealer,Manual,1.0
621,2013.0,250000,60000.0,Diesel,Individual,Manual,1.0
622,2016.0,919999,75000.0,Diesel,Dealer,Manual,1.0
623,2013.0,380000,97248.0,Petrol,Dealer,Manual,1.0
624,2012.0,450000,46000.0,Diesel,Individual,Manual,1.0
625,2016.0,770000,10000.0,Petrol,Individual,Automatic,1.0
626,2018.0,550000,80000.0,Diesel,Individual,Manual,1.0
627,2011.0,320000,100000.0,Diesel,Individual,Manual,2.0
628,2013.0,400000,35000.0,Petrol,Individual,Manual,1.0
629,2017.0,450000,50000.0,Diesel,Individual,Automatic,1.0
630,2011.0,220000,90000.0,Diesel,Individual,Manual,3.0
631,2012.0,400000,150000.0,Diesel,Individual,Manual,2.0
632,2013.0,530000,89000.0,Petrol,Individual,Manual,2.0
633,2014.0,390000,60000.0,Diesel,Individual,Manual,2.0
634,2012.0,185000,100000.0,Diesel,Individual,Manual,2.0
635,2012.0,300000,100000.0,Petrol,Individual,Manual,2.0
636,2014.0,575000,90000.0,Diesel,Individual,Manual,2.0
637,2014.0,300000,75000.0,Petrol,Individual,Manual,1.0
638,2017.0,425000,36000.0,Diesel,Dealer,Manual,1.0
639,2016.0,350000,12000.0,Petrol,Individual,Manual,1.0
640,2017.0,550000,12997.0,Diesel,Dealer,Manual,1.0
641,2017.0,500000,40000.0,Petrol,Individual,Automatic,1.0
642,2015.0,600000,60000.0,Diesel,Individual,Manual,1.0
643,2013.0,300000,25000.0,Diesel,Individual,Manual,2.0
644,2018.0,1150000,26430.0,Diesel,Dealer,Manual,1.0
645,2015.0,475000,24600.0,Petrol,Dealer,Manual,1.0
646,2011.0,260000,28481.0,Petrol,Dealer,Manual,1.0
647,2013.0,350000,100000.0,Petrol,Individual,Manual,1.0
648,2013.0,750000,41988.0,Diesel,Dealer,Manual,1.0
649,2009.0,180000,30375.0,Petrol,Dealer,Manual,1.0
650,2017.0,350000,7658.0,Petrol,Dealer,Automatic,1.0
651,2017.0,611000,34400.0,Diesel,Dealer,Manual,1.0
652,2017.0,325000,18500.0,Petrol,Dealer,Manual,1.0
653,2012.0,225000,48000.0,Petrol,Dealer,Manual,1.0
654,2014.0,300000,28942.0,Petrol,Dealer,Automatic,1.0
655,2017.0,400000,50000.0,Diesel,Individual,Manual,2.0
656,2012.0,711000,53600.0,Diesel,Dealer,Manual,1.0
657,2015.0,851000,53652.0,Diesel,Dealer,Manual,1.0
658,2014.0,500000,25000.0,Petrol,Individual,Manual,1.0
659,2007.0,250000,60000.0,Diesel,Individual,Manual,1.0
660,2017.0,150000,50000.0,Petrol,Individual,Manual,1.0
661,2016.0,610000,15000.0,Diesel,Individual,Manual,2.0
662,2018.0,450000,5000.0,Diesel,Individual,Manual,1.0
663,2017.0,744000,106000.0,Diesel,Individual,Manual,1.0
664,2008.0,120000,100000.0,Petrol,Individual,Manual,1.0
665,2016.0,220000,60000.0,Petrol,Individual,Manual,3.0
666,2012.0,480000,120000.0,Diesel,Individual,Manual,4.0
667,2017.0,370000,82000.0,Petrol,Individual,Automatic,1.0
668,2003.0,55000,35000.0,Diesel,Individual,Manual,2.0
669,2011.0,260000,125000.0,Diesel,Individual,Manual,3.0
670,2015.0,350000,130000.0,Diesel,Individual,Manual,1.0
671,2012.0,170000,97000.0,CNG,Individual,Manual,2.0
672,2015.0,350000,90000.0,Petrol,Individual,Manual,2.0
673,2009.0,250000,60000.0,Petrol,Individual,Manual,3.0
674,2013.0,170000,60000.0,Diesel,Individual,Manual,1.0
675,2019.0,550000,60000.0,Petrol,Individual,Manual,1.0
676,2017.0,400000,15000.0,Petrol,Individual,Manual,1.0
677,2011.0,120000,20000.0,Petrol,Individual,Manual,1.0
678,2010.0,275000,70000.0,Petrol,Individual,Manual,1.0
679,2016.0,285000,90000.0,Petrol,Individual,Manual,1.0
680,2016.0,900000,80000.0,Diesel,Individual,Manual,1.0
681,2013.0,620000,70000.0,Diesel,Individual,Manual,2.0
682,2018.0,650000,15000.0,Petrol,Individual,Manual,1.0
683,2014.0,500000,35000.0,Petrol,Individual,Manual,1.0
684,2009.0,250000,120000.0,Diesel,Individual,Manual,2.0
685,2018.0,950000,15000.0,Diesel,Individual,Manual,2.0
686,2015.0,320000,60000.0,Petrol,Individual,Manual,1.0
687,2016.0,350000,90000.0,Diesel,Individual,Manual,1.0
688,2015.0,400000,90000.0,Petrol,Individual,Manual,1.0
689,2009.0,250000,72000.0,Diesel,Individual,Manual,2.0
690,2001.0,52000,50000.0,Petrol,Individual,Manual,3.0
691,2017.0,1200000,50000.0,Diesel,Individual,Automatic,1.0
692,2011.0,450000,60000.0,Petrol,Individual,Automatic,3.0
693,2018.0,615000,40000.0,Petrol,Individual,Manual,1.0
694,2012.0,400000,60000.0,Diesel,Individual,Manual,2.0
695,2013.0,60000,40000.0,Petrol,Individual,Manual,1.0
696,2015.0,600000,45000.0,Petrol,Individual,Manual,1.0
697,2010.0,110000,110000.0,Petrol,Individual,Manual,1.0
698,2013.0,175000,80000.0,Petrol,Individual,Manual,1.0
699,2011.0,325000,100000.0,Diesel,Individual,Manual,2.0
700,2017.0,425000,90000.0,Diesel,Individual,Manual,1.0
701,2009.0,160000,70000.0,CNG,Individual,Manual,3.0
702,2007.0,100000,80000.0,Petrol,Individual,Manual,3.0
703,2014.0,390000,110000.0,Diesel,Individual,Manual,2.0
704,2017.0,400000,50000.0,Petrol,Individual,Manual,1.0
705,2018.0,509999,5000.0,Petrol,Individual,Manual,1.0
706,2008.0,150000,90000.0,Petrol,Individual,Manual,3.0
707,2009.0,110000,120000.0,Petrol,Individual,Manual,1.0
708,2013.0,450000,80000.0,Diesel,Individual,Manual,1.0
709,2017.0,400000,60000.0,Petrol,Individual,Manual,2.0
710,2009.0,140000,120000.0,Petrol,Individual,Manual,1.0
711,2011.0,130000,90000.0,Diesel,Individual,Manual,1.0
712,2017.0,160000,50000.0,Petrol,Individual,Manual,1.0
713,2016.0,150000,60000.0,Petrol,Individual,Manual,1.0
714,2013.0,500000,100000.0,Diesel,Individual,Manual,2.0
715,2011.0,40000,60000.0,Petrol,Individual,Manual,1.0
716,2015.0,227000,70000.0,Diesel,Individual,Manual,2.0
717,2011.0,285000,50000.0,Diesel,Individual,Manual,2.0
718,2012.0,155000,60000.0,Petrol,Individual,Manual,2.0
719,2016.0,210000,30000.0,Petrol,Individual,Manual,1.0
720,2009.0,140000,80000.0,Petrol,Individual,Manual,2.0
721,2015.0,940000,128000.0,Diesel,Individual,Manual,1.0
722,2013.0,750000,80000.0,Diesel,Individual,Manual,1.0
723,2016.0,610000,100000.0,Diesel,Individual,Manual,1.0
724,2015.0,450000,50000.0,Diesel,Individual,Manual,1.0
725,2012.0,409999,60000.0,Diesel,Individual,Manual,1.0
726,2018.0,100000,60000.0,Petrol,Individual,Manual,1.0
727,2018.0,300000,10500.0,Petrol,Individual,Manual,1.0
728,2013.0,400000,107000.0,Diesel,Individual,Manual,1.0
729,2010.0,210000,60000.0,Petrol,Individual,Manual,2.0
730,2006.0,90000,120000.0,Petrol,Individual,Manual,2.0
731,2010.0,222000,70000.0,Petrol,Individual,Manual,1.0
732,2015.0,240000,50000.0,Petrol,Individual,Manual,2.0
733,2013.0,450000,70000.0,Diesel,Individual,Manual,2.0
734,2012.0,225000,110000.0,Diesel,Individual,Manual,2.0
735,2016.0,239000,60000.0,Petrol,Dealer,Manual,1.0
736,2012.0,385000,52000.0,Diesel,Individual,Manual,1.0
737,2014.0,600000,46507.0,Diesel,Trustmark Dealer,Manual,1.0
738,2012.0,735000,55300.0,Diesel,Dealer,Automatic,1.0
739,2012.0,285000,74300.0,Diesel,Dealer,Manual,1.0
740,2010.0,350000,48781.0,Petrol,Dealer,Manual,1.0
741,2014.0,290000,87620.0,Diesel,Dealer,Automatic,1.0
742,2017.0,890000,40219.0,Diesel,Dealer,Automatic,1.0
743,2011.0,385000,11473.0,Petrol,Dealer,Manual,1.0
744,2017.0,425000,8352.0,Petrol,Dealer,Manual,1.0
745,2017.0,525000,9745.0,Petrol,Dealer,Automatic,1.0
746,2017.0,550000,9748.0,Petrol,Dealer,Manual,1.0
747,2012.0,271000,49000.0,Petrol,Dealer,Manual,1.0
748,2015.0,490000,31080.0,Petrol,Dealer,Manual,1.0
749,2014.0,260000,37605.0,Petrol,Dealer,Manual,1.0
750,2014.0,455000,55850.0,Diesel,Dealer,Manual,1.0
751,2010.0,75000,58850.0,Petrol,Dealer,Manual,1.0
752,2015.0,421000,23839.0,Petrol,Dealer,Manual,1.0
753,2016.0,550000,54000.0,Diesel,Dealer,Manual,1.0
754,2013.0,330000,38000.0,Petrol,Dealer,Automatic,1.0
755,2012.0,390000,45454.0,Diesel,Dealer,Manual,1.0
756,2015.0,599000,46957.0,Diesel,Dealer,Automatic,1.0
757,2007.0,110000,60000.0,Petrol,Individual,Manual,1.0
758,2016.0,250000,25000.0,Petrol,Individual,Manual,1.0
759,2012.0,600000,110000.0,Diesel,Individual,Manual,4.0
760,2008.0,80000,90000.0,Petrol,Individual,Manual,1.0
761,2019.0,350000,5000.0,Petrol,Individual,Manual,1.0
762,2015.0,475000,60000.0,Diesel,Individual,Manual,1.0
763,2018.0,500000,50000.0,Diesel,Individual,Manual,1.0
764,2014.0,250000,120000.0,Diesel,Individual,Manual,1.0
765,2005.0,100000,120000.0,Diesel,Individual,Manual,2.0
766,2005.0,95000,120000.0,Petrol,Individual,Manual,2.0
767,2015.0,409999,58000.0,Diesel,Individual,Manual,1.0
768,2018.0,1050000,35000.0,Diesel,Individual,Manual,1.0
769,2017.0,320000,30000.0,Petrol,Individual,Manual,1.0
770,2019.0,1000000,10000.0,Diesel,Individual,Manual,1.0
771,2018.0,950000,20000.0,Diesel,Individual,Manual,1.0
772,2018.0,750000,50000.0,Diesel,Individual,Manual,1.0
773,2014.0,220000,42000.0,Petrol,Individual,Manual,1.0
774,2017.0,1000000,50000.0,Diesel,Individual,Manual,1.0
775,2017.0,660000,116000.0,Diesel,Individual,Manual,1.0
776,2015.0,716000,100000.0,Diesel,Individual,Manual,1.0
777,2015.0,675000,66000.0,Petrol,Individual,Manual,1.0
778,2010.0,385000,110000.0,Diesel,Individual,Manual,3.0
779,2014.0,325000,70000.0,Diesel,Individual,Manual,1.0
780,2015.0,950000,60000.0,Diesel,Individual,Manual,1.0
781,2007.0,400000,110000.0,Diesel,Individual,Automatic,4.0
782,2014.0,250000,25000.0,Diesel,Individual,Manual,1.0
783,2014.0,210000,20000.0,Petrol,Individual,Manual,1.0
784,2011.0,147000,110000.0,Petrol,Individual,Manual,2.0
785,2018.0,725000,26350.0,Diesel,Individual,Manual,1.0
786,2012.0,550000,90000.0,Diesel,Individual,Manual,1.0
787,2016.0,475000,25000.0,Petrol,Individual,Manual,1.0
788,2014.0,250000,50000.0,Petrol,Individual,Manual,2.0
789,2006.0,70000,60000.0,Petrol,Individual,Manual,2.0
790,2012.0,160000,70000.0,Petrol,Individual,Manual,3.0
791,2011.0,1000000,90000.0,Diesel,Individual,Automatic,2.0
792,2001.0,68000,70000.0,Petrol,Individual,Manual,1.0
793,2017.0,500000,26500.0,Petrol,Individual,Manual,1.0
794,2020.0,1050000,10000.0,Diesel,Individual,Manual,1.0
795,2017.0,900000,50000.0,Diesel,Individual,Manual,1.0
796,2019.0,550000,25000.0,Diesel,Individual,Manual,1.0
797,2007.0,100000,52000.0,Petrol,Individual,Manual,2.0
798,2013.0,300000,90000.0,Diesel,Individual,Manual,1.0
799,2011.0,140000,60000.0,Diesel,Individual,Manual,2.0
800,2018.0,550000,35000.0,Petrol,Individual,Manual,1.0
801,2012.0,650000,71042.0,Diesel,Dealer,Manual,1.0
802,2011.0,195000,133564.0,Diesel,Dealer,Manual,1.0
803,2018.0,1140000,23038.0,Petrol,Trustmark Dealer,Automatic,1.0
804,2011.0,95000,70000.0,Diesel,Individual,Manual,1.0
805,2017.0,550000,19890.0,Diesel,Dealer,Automatic,1.0
806,2016.0,239000,41000.0,Petrol,Individual,Manual,1.0
807,2017.0,585000,60000.0,Petrol,Trustmark Dealer,Manual,1.0
808,2018.0,825000,11212.0,Petrol,Trustmark Dealer,Automatic,1.0
809,2013.0,280000,52000.0,Diesel,Dealer,Manual,1.0
810,2016.0,725000,49217.0,Petrol,Trustmark Dealer,Manual,1.0
811,2015.0,300000,90000.0,Diesel,Individual,Manual,1.0
812,2014.0,375000,70000.0,Petrol,Individual,Manual,1.0
813,2003.0,310000,90000.0,Petrol,Individual,Manual,4.0
814,2012.0,400000,80000.0,Diesel,Individual,Manual,2.0
815,2014.0,550000,80000.0,Diesel,Individual,Manual,2.0
816,2018.0,270000,20000.0,Petrol,Individual,Manual,1.0
817,2012.0,555000,110000.0,Diesel,Individual,Manual,2.0
818,2013.0,500000,60000.0,Diesel,Individual,Manual,2.0
819,2010.0,400000,130000.0,Diesel,Individual,Automatic,2.0
820,2017.0,280000,28838.0,Petrol,Individual,Manual,1.0
821,2006.0,55000,100000.0,Diesel,Individual,Manual,1.0
822,2014.0,250000,50000.0,Petrol,Individual,Manual,1.0
823,2007.0,95000,100000.0,Diesel,Individual,Manual,2.0
824,2014.0,725000,135000.0,Diesel,Individual,Manual,2.0
825,2015.0,320000,60000.0,Diesel,Individual,Manual,3.0
826,2014.0,1200000,60000.0,Diesel,Individual,Automatic,3.0
827,2012.0,160000,50000.0,Diesel,Individual,Manual,1.0
828,2018.0,790000,19571.0,Diesel,Dealer,Manual,1.0
829,2018.0,1200000,29600.0,Petrol,Dealer,Manual,1.0
830,2011.0,175000,70000.0,Petrol,Individual,Manual,1.0
831,2018.0,950000,15000.0,Diesel,Individual,Automatic,1.0
832,2019.0,340000,50000.0,Petrol,Individual,Manual,1.0
833,2017.0,825000,13500.0,Diesel,Individual,Manual,1.0
834,2018.0,780000,25000.0,Diesel,Dealer,Manual,1.0
835,2010.0,350000,80000.0,Petrol,Individual,Automatic,3.0
836,2018.0,690000,39000.0,Petrol,Dealer,Manual,1.0
837,2016.0,245000,60000.0,Petrol,Individual,Manual,1.0
838,2018.0,790000,49000.0,Diesel,Dealer,Manual,1.0
839,2018.0,680000,48600.0,Petrol,Dealer,Manual,1.0
840,2017.0,540000,20000.0,Petrol,Individual,Manual,1.0
841,2016.0,425000,25000.0,Petrol,Individual,Manual,1.0
842,2008.0,140000,120000.0,Petrol,Individual,Manual,1.0
843,2019.0,1100000,30000.0,Diesel,Individual,Manual,1.0
844,2015.0,715000,35000.0,Diesel,Individual,Manual,1.0
845,2018.0,400000,54000.0,Petrol,Dealer,Manual,2.0
846,2005.0,114999,90000.0,Petrol,Dealer,Manual,2.0
847,2018.0,950000,21394.0,Diesel,Dealer,Manual,1.0
848,2015.0,310000,32686.0,Petrol,Dealer,Manual,1.0
849,2006.0,575000,1001.0,Diesel,Dealer,Manual,1.0
850,2017.0,490000,22000.0,Diesel,Dealer,Manual,1.0
851,2017.0,480000,53261.0,Petrol,Dealer,Manual,1.0
852,2018.0,370000,10000.0,Petrol,Dealer,Manual,1.0
853,2017.0,835000,14000.0,Diesel,Dealer,Manual,1.0
854,2017.0,650000,44000.0,Petrol,Dealer,Manual,1.0
855,2014.0,670000,39895.0,Diesel,Dealer,Manual,1.0
856,2017.0,950000,73000.0,Diesel,Dealer,Automatic,1.0
857,2014.0,690000,17000.0,Petrol,Dealer,Manual,1.0
858,2017.0,670000,18591.0,Petrol,Dealer,Manual,1.0
859,2017.0,925000,26766.0,Diesel,Dealer,Manual,1.0
860,2015.0,250000,30000.0,Petrol,Individual,Manual,1.0
861,2016.0,509999,42000.0,Diesel,Individual,Manual,1.0
862,2014.0,520000,110000.0,Diesel,Individual,Manual,1.0
863,2005.0,100000,100000.0,Diesel,Individual,Manual,1.0
864,2009.0,130000,110000.0,Diesel,Individual,Manual,3.0
865,2018.0,950000,27620.0,Diesel,Dealer,Manual,1.0
866,2015.0,450000,70000.0,Petrol,Individual,Manual,1.0
867,2012.0,320000,50000.0,Petrol,Individual,Manual,2.0
868,2015.0,480000,50000.0,Diesel,Individual,Manual,1.0
869,2012.0,790000,82000.0,Diesel,Individual,Manual,1.0
870,2016.0,120000,120000.0,Petrol,Individual,Manual,1.0
871,2006.0,75000,80000.0,Petrol,Individual,Manual,3.0
872,2010.0,99000,70000.0,Petrol,Individual,Manual,1.0
873,2018.0,1015000,20000.0,Diesel,Individual,Manual,1.0
874,2011.0,520000,120000.0,Diesel,Individual,Manual,1.0
875,2018.0,1100000,30000.0,Diesel,Individual,Automatic,1.0
876,2005.0,200000,60000.0,Diesel,Individual,Manual,1.0
877,2016.0,525000,60000.0,Diesel,Individual,Manual,1.0
878,2016.0,500000,40000.0,Petrol,Individual,Manual,1.0
879,2016.0,675000,161327.0,Diesel,Individual,Manual,1.0
880,2009.0,150000,60000.0,Petrol,Individual,Manual,3.0
881,2007.0,250000,50000.0,Diesel,Individual,Manual,1.0
882,2018.0,450000,6000.0,Petrol,Individual,Manual,1.0
883,2009.0,150000,68000.0,Petrol,Individual,Manual,2.0
884,2012.0,200000,85000.0,Diesel,Individual,Manual,1.0
885,2011.0,525000,70000.0,Diesel,Individual,Automatic,1.0
886,2010.0,180000,100000.0,Diesel,Individual,Manual,2.0
887,2015.0,475000,110000.0,Diesel,Individual,Manual,1.0
888,2015.0,285000,46000.0,Petrol,Individual,Manual,2.0
889,2008.0,91200,60000.0,Petrol,Individual,Manual,2.0
890,2015.0,400000,42000.0,Diesel,Individual,Manual,1.0
891,2006.0,160000,90000.0,Petrol,Individual,Automatic,2.0
892,2012.0,650000,85000.0,Diesel,Individual,Manual,2.0
893,2012.0,409999,120000.0,Diesel,Individual,Manual,3.0
894,2013.0,425000,72000.0,Diesel,Individual,Manual,1.0
895,2013.0,250000,71000.0,Diesel,Individual,Manual,2.0
896,2009.0,200000,110000.0,Petrol,Individual,Manual,4.0
897,2013.0,250000,71000.0,CNG,Individual,Manual,2.0
898,2010.0,130000,144000.0,Diesel,Individual,Manual,4.0
899,2017.0,260000,30000.0,Diesel,Dealer,Manual,1.0
900,2007.0,155000,65000.0,Petrol,Dealer,Manual,1.0
901,2015.0,450000,38000.0,Diesel,Individual,Manual,1.0
902,2012.0,220000,90000.0,Petrol,Individual,Manual,2.0
903,2018.0,650000,37000.0,Diesel,Dealer,Manual,1.0
904,2018.0,285000,30000.0,Petrol,Dealer,Manual,1.0
905,2018.0,725000,26000.0,Petrol,Dealer,Automatic,1.0
906,2016.0,625000,30000.0,Petrol,Dealer,Manual,1.0
907,2016.0,550000,23000.0,Petrol,Dealer,Manual,1.0
908,2012.0,240000,40000.0,Petrol,Dealer,Manual,1.0
909,2014.0,600000,27000.0,Diesel,Dealer,Manual,1.0
910,2012.0,350000,65000.0,Diesel,Dealer,Manual,1.0
911,2015.0,245000,32000.0,Petrol,Dealer,Manual,1.0
912,2016.0,600000,56000.0,Diesel,Dealer,Manual,1.0
913,2014.0,620000,80000.0,Diesel,Dealer,Manual,1.0
914,2014.0,395000,52000.0,Petrol,Dealer,Manual,2.0
915,2014.0,635000,13250.0,Petrol,Dealer,Manual,1.0
916,2011.0,180000,36000.0,Petrol,Dealer,Manual,1.0
917,2015.0,484999,73000.0,Diesel,Dealer,Manual,2.0
918,2004.0,110000,60000.0,Petrol,Individual,Manual,1.0
919,2006.0,150000,60000.0,Petrol,Individual,Manual,2.0
920,2012.0,400000,110000.0,Diesel,Individual,Manual,1.0
921,2012.0,200000,70000.0,Diesel,Individual,Manual,2.0
922,2013.0,302000,60000.0,Diesel,Individual,Manual,2.0
923,2011.0,215000,90000.0,Diesel,Individual,Manual,4.0
924,2004.0,155000,80000.0,Petrol,Individual,Manual,2.0
925,2014.0,1000000,101000.0,Diesel,Individual,Manual,2.0
926,2018.0,550000,44000.0,Diesel,Individual,Manual,1.0
927,2006.0,200000,45000.0,Petrol,Individual,Manual,1.0
928,2017.0,750000,120000.0,Diesel,Individual,Manual,1.0
929,2005.0,90000,90000.0,Petrol,Individual,Manual,2.0
930,2007.0,80000,120000.0,Petrol,Individual,Manual,2.0
931,2013.0,229999,13500.0,Petrol,Individual,Manual,1.0
932,2017.0,350000,10000.0,Petrol,Individual,Manual,1.0
933,2015.0,325000,25000.0,Petrol,Individual,Manual,3.0
934,2018.0,450000,8500.0,Petrol,Individual,Manual,1.0
935,2012.0,250000,120000.0,Diesel,Individual,Manual,1.0
936,2012.0,225000,120000.0,Diesel,Individual,Manual,1.0
937,2009.0,150000,90246.0,Petrol,Individual,Manual,3.0
938,2014.0,110000,90000.0,Petrol,Individual,Manual,2.0
939,2010.0,150000,40000.0,Petrol,Individual,Manual,2.0
940,2017.0,610000,32000.0,Diesel,Individual,Manual,2.0
941,2013.0,170000,60400.0,Diesel,Individual,Manual,1.0
942,2008.0,150000,70950.0,Diesel,Individual,Manual,2.0
943,2015.0,375000,72000.0,Diesel,Individual,Manual,1.0
944,2013.0,390000,90000.0,Diesel,Individual,Manual,1.0
945,2017.0,600000,10000.0,Petrol,Individual,Manual,1.0
946,2014.0,204999,25000.0,Petrol,Individual,Manual,2.0
947,2009.0,270000,80000.0,Diesel,Individual,Manual,2.0
948,2017.0,375000,10000.0,Petrol,Individual,Manual,1.0
949,2020.0,700000,1100.0,Petrol,Individual,Manual,1.0
950,2017.0,455000,40000.0,Petrol,Individual,Manual,1.0
951,2014.0,341000,31491.0,Petrol,Individual,Manual,1.0
952,2014.0,200000,107143.0,Diesel,Individual,Manual,2.0
953,2017.0,450000,15000.0,Petrol,Individual,Automatic,1.0
954,2012.0,170000,50000.0,Petrol,Individual,Manual,2.0
955,2016.0,500000,60000.0,Diesel,Individual,Manual,1.0
956,2016.0,819999,85000.0,Diesel,Individual,Manual,1.0
957,2014.0,351000,40000.0,Petrol,Individual,Manual,2.0
958,2011.0,195000,80000.0,Petrol,Individual,Manual,2.0
959,2008.0,250000,82000.0,Diesel,Individual,Manual,2.0
960,2008.0,120000,70000.0,Petrol,Individual,Manual,2.0
961,2009.0,180000,70000.0,Petrol,Individual,Manual,3.0
962,2016.0,430000,20000.0,Diesel,Individual,Manual,1.0
963,2012.0,75000,35000.0,Petrol,Individual,Manual,2.0
964,2017.0,750000,80000.0,Diesel,Individual,Manual,1.0
965,2011.0,60000,40000.0,Petrol,Individual,Manual,1.0
966,2011.0,390000,150000.0,Diesel,Individual,Manual,4.0
967,2016.0,630000,50000.0,Diesel,Individual,Manual,1.0
968,2018.0,1085000,15000.0,Diesel,Individual,Manual,1.0
969,2012.0,190000,60000.0,Petrol,Individual,Manual,2.0
970,2018.0,550000,25000.0,Petrol,Individual,Automatic,1.0
971,2012.0,200000,90000.0,Petrol,Individual,Manual,3.0
972,2011.0,165000,60000.0,Petrol,Individual,Manual,1.0
973,2013.0,260000,65000.0,Diesel,Individual,Manual,1.0
974,2011.0,151000,40000.0,Petrol,Individual,Manual,1.0
975,2018.0,780000,50000.0,Diesel,Individual,Manual,1.0
976,2012.0,175000,80000.0,Diesel,Individual,Manual,3.0
977,2010.0,170000,107500.0,Diesel,Dealer,Manual,1.0
978,2013.0,210000,135000.0,Diesel,Dealer,Manual,2.0
979,2007.0,90000,43826.0,Petrol,Dealer,Manual,2.0
980,2016.0,535000,55838.0,Petrol,Dealer,Manual,1.0
981,2007.0,195000,112880.0,Diesel,Dealer,Manual,1.0
982,2011.0,140000,60000.0,Diesel,Individual,Manual,3.0
983,2012.0,350000,40000.0,Petrol,Individual,Manual,1.0
984,2013.0,425000,66000.0,Diesel,Individual,Manual,1.0
985,2017.0,300000,30300.0,Petrol,Individual,Manual,1.0
986,2013.0,340000,85000.0,Diesel,Individual,Manual,1.0
987,2009.0,250000,80659.0,Petrol,Dealer,Manual,1.0
988,2008.0,170000,81324.0,Petrol,Dealer,Manual,1.0
989,2013.0,315000,127884.0,Diesel,Dealer,Manual,1.0
990,2015.0,200000,50000.0,Petrol,Individual,Manual,1.0
991,2016.0,300000,25000.0,Petrol,Individual,Manual,1.0
992,2015.0,300000,66755.0,Diesel,Dealer,Manual,1.0
993,2013.0,380000,123084.0,Petrol,Dealer,Manual,1.0
994,2013.0,310000,95851.0,Diesel,Dealer,Manual,1.0
995,2010.0,260000,50000.0,Petrol,Individual,Manual,1.0
996,2008.0,150000,50000.0,Diesel,Individual,Manual,2.0
997,2006.0,85000,60000.0,Petrol,Individual,Manual,2.0
998,2014.0,280000,15000.0,Petrol,Individual,Manual,2.0
999,2016.0,850000,40000.0,Diesel,Individual,Manual,1.0
1000,2017.0,375000,20000.0,Petrol,Individual,Manual,2.0
1001,2006.0,125000,120000.0,Diesel,Individual,Manual,3.0
1002,2012.0,250000,110000.0,Diesel,Individual,Manual,1.0
1003,2011.0,220000,70000.0,Diesel,Individual,Manual,1.0
1004,2010.0,110000,110000.0,Diesel,Individual,Manual,2.0
1005,2007.0,150000,84000.0,Petrol,Individual,Manual,2.0
1006,2017.0,220000,40000.0,Petrol,Individual,Manual,1.0
1007,2006.0,75000,96000.0,Petrol,Individual,Manual,2.0
1008,2009.0,100000,20000.0,Diesel,Individual,Manual,1.0
1009,2016.0,380000,15000.0,Petrol,Individual,Manual,1.0
1010,2007.0,100000,50000.0,Petrol,Individual,Manual,1.0
1011,2010.0,480000,80000.0,Diesel,Individual,Manual,2.0
1012,2012.0,300000,60000.0,Diesel,Individual,Manual,1.0
1013,2013.0,190000,70000.0,Diesel,Individual,Manual,1.0
1014,2012.0,190000,130000.0,Diesel,Individual,Manual,2.0
1015,2017.0,650000,19014.0,Petrol,Individual,Manual,1.0
1016,2009.0,300000,23262.0,Petrol,Dealer,Manual,1.0
1017,2016.0,700000,29600.0,Diesel,Dealer,Manual,1.0
1018,2015.0,310000,35925.0,Petrol,Dealer,Manual,1.0
1019,2018.0,500000,12000.0,Petrol,Individual,Manual,1.0
1020,2013.0,415000,40771.0,Petrol,Dealer,Manual,1.0
1021,2015.0,395000,30500.0,Petrol,Dealer,Automatic,2.0
1022,2014.0,430000,42000.0,Petrol,Dealer,Manual,2.0
1023,2007.0,215000,55800.0,Petrol,Individual,Manual,2.0
1024,2014.0,550000,66569.0,Diesel,Dealer,Manual,1.0
1025,2014.0,415000,81358.0,Diesel,Dealer,Manual,1.0
1026,2015.0,450000,82695.0,Diesel,Dealer,Manual,1.0
1027,2014.0,285000,68293.0,Diesel,Dealer,Manual,2.0
1028,2016.0,580000,32000.0,Petrol,Dealer,Automatic,1.0
1029,2014.0,300000,60000.0,Diesel,Dealer,Manual,1.0
1030,2018.0,1200000,60000.0,Diesel,Individual,Manual,1.0
1031,2006.0,78000,64700.0,Petrol,Individual,Manual,1.0
1032,2016.0,400000,88470.0,Diesel,Individual,Manual,1.0
1033,2016.0,850000,75000.0,Diesel,Individual,Manual,1.0
1034,2013.0,450000,120000.0,Diesel,Individual,Manual,2.0
1035,2017.0,780000,70000.0,Diesel,Individual,Manual,1.0
1036,2020.0,350000,1000.0,Petrol,Individual,Manual,1.0
1037,2013.0,285000,60000.0,Diesel,Individual,Manual,2.0
1038,2015.0,525000,98000.0,Diesel,Dealer,Manual,1.0
1039,2014.0,550000,90000.0,Diesel,Dealer,Manual,2.0
1040,2018.0,580000,60000.0,Diesel,Individual,Manual,1.0
1041,2013.0,75000,25000.0,Petrol,Individual,Manual,3.0
1042,2009.0,185000,60000.0,Diesel,Individual,Manual,3.0
1043,2007.0,110000,90000.0,Petrol,Individual,Manual,4.0
1044,2010.0,350000,110000.0,Diesel,Individual,Manual,2.0
1045,2005.0,60000,126000.0,Petrol,Individual,Manual,2.0
1046,2018.0,695000,70000.0,Diesel,Individual,Manual,1.0
1047,2007.0,135000,74183.0,Petrol,Individual,Manual,2.0
1048,2015.0,640000,70000.0,Diesel,Individual,Manual,2.0
1049,2014.0,160000,90000.0,Petrol,Individual,Manual,1.0
1050,2004.0,80000,46000.0,Petrol,Individual,Manual,2.0
1051,2013.0,340000,110000.0,Diesel,Individual,Manual,2.0
1052,2012.0,110000,80000.0,Diesel,Individual,Manual,2.0
1053,2013.0,250000,90000.0,Diesel,Individual,Manual,2.0
1054,2014.0,250000,1.0,Diesel,Individual,Manual,2.0
1055,2013.0,240000,70000.0,Petrol,Individual,Manual,4.0
1056,2007.0,225000,120000.0,Diesel,Individual,Manual,2.0
1057,2015.0,275000,60000.0,Petrol,Individual,Manual,2.0
1058,2012.0,320000,120000.0,Diesel,Individual,Manual,2.0
1059,2008.0,75000,120000.0,Petrol,Individual,Manual,1.0
1060,2007.0,85000,50000.0,Petrol,Individual,Manual,2.0
1061,2009.0,90000,120000.0,Diesel,Individual,Manual,1.0
1062,2007.0,85000,80000.0,Petrol,Individual,Manual,2.0
1063,2008.0,350000,80000.0,Diesel,Individual,Manual,2.0
1064,2009.0,355000,100000.0,Diesel,Individual,Automatic,2.0
1065,2020.0,619000,1500.0,Petrol,Individual,Manual,1.0
1066,2006.0,55000,100000.0,Diesel,Individual,Manual,2.0
1067,2006.0,95000,83411.0,Petrol,Individual,Manual,1.0
1068,2011.0,300000,120000.0,Diesel,Individual,Manual,2.0
1069,2006.0,81000,83411.0,Petrol,Individual,Manual,1.0
1070,2015.0,1000000,80000.0,Diesel,Individual,Automatic,2.0
1071,2019.0,925000,50000.0,Diesel,Individual,Manual,1.0
1072,2015.0,450000,40000.0,Diesel,Individual,Manual,1.0
1073,2014.0,600000,13270.0,Diesel,Individual,Manual,1.0
1074,2006.0,85000,100000.0,Petrol,Individual,Automatic,3.0
1075,2016.0,700000,50000.0,Diesel,Individual,Manual,1.0
1076,2017.0,486000,26500.0,Petrol,Individual,Manual,1.0
1077,2013.0,400000,90000.0,Diesel,Individual,Manual,1.0
1078,2008.0,120000,100000.0,Petrol,Individual,Manual,3.0
1079,2018.0,275000,35000.0,Petrol,Individual,Manual,1.0
1080,2016.0,580000,57000.0,Diesel,Individual,Manual,1.0
1081,2015.0,375000,70000.0,Petrol,Individual,Manual,1.0
1082,2015.0,229999,100000.0,Petrol,Individual,Manual,3.0
1083,2010.0,110000,88000.0,Petrol,Individual,Manual,2.0
1084,2017.0,600000,60000.0,Diesel,Individual,Manual,1.0
1085,2009.0,120000,60000.0,Petrol,Individual,Manual,2.0
1086,2010.0,200000,100000.0,Diesel,Individual,Manual,2.0
1087,2012.0,450000,110000.0,Diesel,Individual,Manual,2.0
1088,2012.0,550000,80000.0,Diesel,Individual,Manual,2.0
1089,2012.0,220000,80000.0,Petrol,Individual,Manual,2.0
1090,2001.0,40000,30000.0,Petrol,Individual,Manual,1.0
1091,2017.0,300000,20000.0,Petrol,Individual,Automatic,1.0
1092,2018.0,630000,40000.0,Diesel,Individual,Manual,1.0
1093,2017.0,610000,40000.0,Diesel,Individual,Manual,2.0
1094,2019.0,660000,7000.0,Petrol,Individual,Manual,2.0
1095,2012.0,220000,80000.0,LPG,Individual,Manual,1.0
1096,2011.0,138000,90000.0,Diesel,Individual,Manual,2.0
1097,2013.0,210000,13770.0,Diesel,Individual,Manual,1.0
1098,2005.0,125000,34000.0,Petrol,Dealer,Manual,1.0
1099,2008.0,125000,102000.0,Petrol,Dealer,Manual,1.0
1100,2014.0,725000,110000.0,Diesel,Individual,Manual,1.0
1101,2011.0,170000,90000.0,Petrol,Individual,Manual,2.0
1102,2015.0,1200000,70000.0,Diesel,Individual,Manual,3.0
1103,2003.0,70000,90000.0,Petrol,Individual,Manual,2.0
1104,2007.0,100000,70000.0,Petrol,Individual,Manual,2.0
1105,2006.0,300000,80000.0,Petrol,Individual,Manual,2.0
1106,2013.0,450000,100000.0,Diesel,Individual,Manual,2.0
1107,2015.0,530000,100000.0,Diesel,Individual,Manual,1.0
1108,2007.0,100000,143000.0,Petrol,Individual,Manual,3.0
1109,2010.0,350000,115000.0,Petrol,Individual,Manual,2.0
1110,2011.0,165000,100000.0,Diesel,Individual,Manual,1.0
1111,2019.0,475000,120000.0,Diesel,Individual,Manual,2.0
1112,2013.0,350000,42000.0,Diesel,Individual,Manual,1.0
1113,2016.0,229999,38000.0,Petrol,Individual,Manual,1.0
1114,2018.0,800000,60000.0,Diesel,Individual,Manual,1.0
1115,2014.0,475000,120000.0,Diesel,Individual,Manual,2.0
1116,2014.0,425000,136906.0,Diesel,Individual,Manual,1.0
1117,2015.0,660000,97000.0,Diesel,Individual,Manual,2.0
1118,2019.0,610000,10000.0,Petrol,Individual,Automatic,1.0
1119,2013.0,240000,50000.0,Petrol,Individual,Manual,3.0
1120,2005.0,70000,60000.0,Petrol,Individual,Manual,1.0
1121,2011.0,550000,120000.0,Diesel,Individual,Manual,1.0
1122,2010.0,100000,120000.0,Petrol,Individual,Manual,2.0
1123,2010.0,350000,90000.0,Diesel,Individual,Manual,2.0
1124,2013.0,200000,120000.0,Petrol,Individual,Manual,1.0
1125,2019.0,720000,3000.0,Petrol,Individual,Automatic,1.0
1126,2014.0,350000,133000.0,Diesel,Individual,Manual,1.0
1127,2016.0,400000,25000.0,Petrol,Individual,Manual,1.0
1128,2017.0,570000,35000.0,Petrol,Individual,Manual,1.0
1129,2015.0,130000,70000.0,Petrol,Individual,Manual,1.0
1130,2016.0,210000,52000.0,Petrol,Individual,Manual,1.0
1131,2018.0,800000,52000.0,Diesel,Individual,Manual,1.0
1132,2017.0,700000,39000.0,Diesel,Individual,Manual,1.0
1133,2011.0,200000,28689.0,Diesel,Individual,Manual,1.0
1134,2014.0,495000,90000.0,Diesel,Individual,Manual,2.0
1135,2014.0,325000,80322.0,Diesel,Dealer,Manual,1.0
1136,2019.0,650000,8000.0,Petrol,Individual,Manual,1.0
1137,2014.0,75000,90000.0,Petrol,Individual,Manual,2.0
1138,2015.0,350000,61658.0,Diesel,Dealer,Manual,1.0
1139,2010.0,90000,50000.0,Petrol,Individual,Manual,3.0
1140,2016.0,600000,80000.0,Diesel,Individual,Manual,1.0
1141,2014.0,370000,57000.0,Diesel,Individual,Manual,2.0
1142,2004.0,125000,120000.0,Petrol,Individual,Manual,2.0
1143,2019.0,650000,20000.0,Petrol,Individual,Automatic,1.0
1144,2017.0,800000,30600.0,Diesel,Individual,Automatic,1.0
1145,2020.0,802000,5000.0,Petrol,Individual,Manual,1.0
1146,2016.0,430000,35000.0,Diesel,Individual,Manual,1.0
1147,2017.0,650000,23000.0,Petrol,Individual,Manual,1.0
1148,2004.0,170000,120000.0,Diesel,Individual,Manual,1.0
1149,2013.0,250000,87000.0,Petrol,Individual,Manual,1.0
1150,2014.0,550000,72000.0,Petrol,Individual,Manual,2.0
1151,2007.0,140000,100000.0,Petrol,Individual,Manual,2.0
1152,2012.0,155000,12000.0,Petrol,Individual,Manual,1.0
1153,2010.0,120000,67000.0,Petrol,Individual,Manual,3.0
1154,2012.0,287000,70000.0,Diesel,Individual,Manual,1.0
1155,2016.0,675000,60000.0,Diesel,Individual,Manual,1.0
1156,2011.0,235000,74500.0,Petrol,Individual,Manual,2.0
1157,2011.0,300000,118700.0,Diesel,Individual,Manual,2.0
1158,2015.0,434999,40000.0,Petrol,Individual,Automatic,2.0
1159,2006.0,160000,140000.0,Petrol,Individual,Manual,2.0
1160,2020.0,600000,5000.0,Petrol,Individual,Manual,1.0
1161,2016.0,470000,100000.0,Diesel,Individual,Manual,2.0
1162,2011.0,300000,100000.0,Petrol,Individual,Manual,2.0
1163,2018.0,600000,2000.0,Petrol,Individual,Manual,1.0
1164,2020.0,640000,4000.0,Petrol,Individual,Automatic,1.0
1165,2006.0,50000,120000.0,Diesel,Individual,Manual,4.0
1166,2015.0,600000,35000.0,Petrol,Individual,Manual,1.0
1167,2014.0,290000,29000.0,LPG,Individual,Manual,1.0
1168,2015.0,600000,30000.0,Petrol,Individual,Manual,1.0
1169,2012.0,190000,120000.0,Diesel,Individual,Manual,1.0
1170,2008.0,160000,110000.0,Petrol,Individual,Manual,3.0
1171,2017.0,325000,15000.0,Petrol,Individual,Manual,1.0
1172,2006.0,200000,73756.0,Diesel,Individual,Manual,1.0
1173,2011.0,125000,60000.0,Petrol,Individual,Manual,3.0
1174,2008.0,155000,60000.0,Petrol,Individual,Manual,4.0
1175,2015.0,550000,90000.0,Diesel,Individual,Manual,1.0
1176,2009.0,130000,70000.0,Petrol,Individual,Manual,4.0
1177,2002.0,80000,70000.0,Petrol,Individual,Manual,2.0
1178,2015.0,500000,80000.0,Diesel,Individual,Manual,2.0
1179,2019.0,250000,60000.0,Petrol,Individual,Manual,1.0
1180,2012.0,580000,70000.0,Diesel,Individual,Manual,1.0
1181,2002.0,60000,60000.0,Petrol,Individual,Manual,1.0
1182,2014.0,200000,90000.0,Diesel,Individual,Manual,2.0
1183,2017.0,1200000,16400.0,Diesel,Individual,Manual,1.0
1184,2015.0,350000,80000.0,Diesel,Individual,Manual,2.0
1185,2012.0,600000,80000.0,Diesel,Individual,Manual,2.0
1186,2019.0,650000,60000.0,Petrol,Individual,Manual,1.0
1187,2008.0,120000,40000.0,Petrol,Individual,Manual,1.0
1188,2010.0,180000,120000.0,Diesel,Individual,Manual,2.0
1189,2018.0,950000,41395.0,Petrol,Individual,Automatic,1.0
1190,2012.0,250999,35000.0,Diesel,Individual,Manual,2.0
1191,2013.0,165000,50000.0,Petrol,Individual,Manual,1.0
1192,2015.0,700000,48000.0,Petrol,Dealer,Manual,1.0
1193,2015.0,750000,53000.0,Diesel,Dealer,Manual,1.0
1194,2018.0,290000,60000.0,Petrol,Dealer,Automatic,1.0
1195,2014.0,45000,7000.0,Petrol,Individual,Manual,2.0
1196,2013.0,675000,88000.0,Diesel,Dealer,Automatic,1.0
1197,2015.0,530000,55000.0,Diesel,Dealer,Manual,1.0
1198,2014.0,325000,71014.0,Diesel,Dealer,Manual,1.0
1199,2015.0,400000,60000.0,Diesel,Dealer,Manual,1.0
1200,2017.0,380000,71000.0,Diesel,Dealer,Manual,1.0
1201,2016.0,750000,45000.0,Petrol,Dealer,Automatic,1.0
1202,2017.0,390000,60000.0,Petrol,Dealer,Manual,1.0
1203,2015.0,370000,60000.0,Diesel,Dealer,Manual,1.0
1204,2013.0,210000,80000.0,Diesel,Individual,Manual,2.0
1205,2007.0,175000,60000.0,Diesel,Individual,Manual,4.0
1206,2012.0,575000,89550.0,Diesel,Individual,Manual,2.0
1207,2010.0,320000,90000.0,Diesel,Individual,Manual,3.0
1208,2010.0,280000,149500.0,Diesel,Individual,Manual,3.0
1209,2013.0,380000,83000.0,Diesel,Dealer,Manual,1.0
1210,2005.0,120000,20000.0,Petrol,Individual,Manual,2.0
1211,2018.0,395000,20000.0,Petrol,Individual,Manual,1.0
1212,2010.0,360000,160000.0,Diesel,Individual,Manual,1.0
1213,2015.0,451000,100000.0,Diesel,Individual,Manual,1.0
1214,2010.0,175000,45000.0,Petrol,Individual,Manual,2.0
1215,2009.0,170000,44800.0,Petrol,Individual,Manual,2.0
1216,2006.0,100000,40000.0,Petrol,Individual,Manual,2.0
1217,2014.0,150000,120000.0,Petrol,Individual,Manual,3.0
1218,2011.0,149000,10000.0,Diesel,Individual,Manual,2.0
1219,2011.0,160000,80000.0,Diesel,Individual,Manual,2.0
1220,2014.0,800000,156000.0,Diesel,Individual,Manual,1.0
1221,2010.0,819999,120000.0,Diesel,Individual,Manual,2.0
1222,2007.0,163000,100000.0,Petrol,Individual,Manual,2.0
1223,2001.0,350000,100000.0,Diesel,Individual,Manual,2.0
1224,2006.0,75000,100000.0,Petrol,Individual,Manual,2.0
1225,2012.0,180000,60000.0,Petrol,Individual,Manual,2.0
1226,2017.0,675000,60000.0,Diesel,Individual,Manual,1.0
1227,2013.0,434999,100000.0,Diesel,Individual,Manual,2.0
1228,2006.0,100000,110000.0,Petrol,Individual,Manual,2.0
1229,2009.0,200000,100000.0,Petrol,Individual,Manual,1.0
1230,2014.0,400000,35000.0,Diesel,Individual,Manual,1.0
1231,2018.0,790000,40000.0,Diesel,Individual,Manual,2.0
1232,2015.0,500000,90000.0,Diesel,Individual,Manual,2.0
1233,2012.0,275000,120000.0,Diesel,Individual,Manual,2.0
1234,2012.0,450000,60000.0,Diesel,Individual,Manual,2.0
1235,2019.0,700000,16000.0,Petrol,Individual,Manual,1.0
1236,2017.0,500000,50000.0,Diesel,Individual,Manual,1.0
1237,2015.0,500000,10000.0,Petrol,Individual,Manual,1.0
1238,2016.0,360000,33000.0,Petrol,Dealer,Manual,1.0
1239,2010.0,210000,25000.0,Petrol,Individual,Manual,1.0
1240,2014.0,220000,66000.0,Petrol,Dealer,Manual,1.0
1241,2009.0,250000,48000.0,Petrol,Individual,Manual,1.0
1242,2016.0,990000,146000.0,Diesel,Dealer,Manual,1.0
1243,2013.0,220000,100000.0,Diesel,Individual,Manual,4.0
1244,2014.0,530000,50000.0,Petrol,Individual,Manual,1.0
1245,2016.0,575000,50000.0,Diesel,Individual,Manual,1.0
1246,2012.0,400000,99000.0,Diesel,Dealer,Manual,1.0
1247,2016.0,680000,50000.0,Diesel,Individual,Manual,1.0
1248,2014.0,1000000,80000.0,Diesel,Individual,Automatic,1.0
1249,2016.0,260000,45000.0,Petrol,Individual,Manual,2.0
1250,2010.0,150000,50000.0,Petrol,Individual,Manual,2.0
1251,2008.0,180000,70000.0,Petrol,Individual,Manual,3.0
1252,2014.0,346000,37516.0,Diesel,Individual,Manual,1.0
1253,2015.0,450000,20000.0,Diesel,Individual,Manual,1.0
1254,2019.0,500000,5000.0,Petrol,Individual,Manual,1.0
1255,2019.0,700000,8000.0,Diesel,Individual,Manual,1.0
1256,2019.0,280000,25880.0,Petrol,Individual,Manual,1.0
1257,2019.0,475000,10000.0,Petrol,Individual,Automatic,1.0
1258,2009.0,300000,50000.0,Diesel,Individual,Manual,1.0
1259,2014.0,200999,40000.0,Petrol,Individual,Manual,1.0
1260,2009.0,200000,100000.0,Diesel,Individual,Manual,3.0
1261,2009.0,210000,80000.0,Petrol,Individual,Manual,2.0
1262,2012.0,160000,60000.0,Diesel,Individual,Manual,1.0
1263,2009.0,175000,136000.0,Diesel,Individual,Manual,2.0
1264,2012.0,320000,80000.0,Diesel,Individual,Manual,1.0
1265,2009.0,110000,50000.0,Petrol,Individual,Manual,2.0
1266,2008.0,300000,30000.0,Petrol,Individual,Manual,1.0
1267,2012.0,700000,10000.0,Petrol,Individual,Manual,1.0
1268,2009.0,135000,90000.0,Diesel,Individual,Manual,4.0
1269,2015.0,500000,110000.0,Diesel,Individual,Manual,1.0
1270,2012.0,550000,120000.0,Diesel,Individual,Manual,2.0
1271,2014.0,1050000,90000.0,Diesel,Individual,Manual,3.0
1272,2016.0,500000,20000.0,Petrol,Individual,Manual,1.0
1273,2011.0,180000,90000.0,Diesel,Individual,Manual,2.0
1274,2010.0,170000,50000.0,Petrol,Individual,Manual,2.0
1275,2019.0,484999,9000.0,Petrol,Individual,Manual,1.0
1276,2011.0,150000,70000.0,Petrol,Individual,Manual,2.0
1277,2018.0,380000,25000.0,Petrol,Individual,Manual,1.0
1278,2019.0,480000,10000.0,Petrol,Individual,Manual,1.0
1279,2011.0,290000,60000.0,Diesel,Individual,Manual,2.0
1280,2013.0,350000,70000.0,Petrol,Individual,Manual,1.0
1281,2014.0,110000,25000.0,Petrol,Individual,Manual,1.0
1282,2003.0,70000,80000.0,Petrol,Individual,Manual,3.0
1283,2011.0,300000,70000.0,Petrol,Individual,Automatic,3.0
1284,2017.0,180000,60000.0,Petrol,Individual,Manual,1.0
1285,2020.0,300000,20000.0,Petrol,Individual,Manual,1.0
1286,2017.0,509000,60000.0,Petrol,Individual,Manual,1.0
1287,2016.0,650000,80000.0,Diesel,Individual,Manual,1.0
1288,2015.0,450000,70000.0,Diesel,Individual,Manual,3.0
1289,2007.0,210000,100000.0,Diesel,Individual,Manual,2.0
1290,2013.0,360000,80000.0,Diesel,Individual,Manual,2.0
1291,2011.0,495000,120000.0,Diesel,Individual,Manual,2.0
1292,2006.0,105000,100000.0,Petrol,Individual,Manual,3.0
1293,2010.0,270000,60000.0,Petrol,Individual,Manual,3.0
1294,2010.0,130000,110000.0,Petrol,Individual,Manual,1.0
1295,2014.0,700000,90000.0,Diesel,Individual,Manual,2.0
1296,2012.0,400000,40000.0,Diesel,Individual,Manual,1.0
1297,2009.0,250000,60000.0,Petrol,Individual,Manual,2.0
1298,2013.0,325000,94000.0,Diesel,Individual,Manual,2.0
1299,2014.0,69000,100000.0,Petrol,Individual,Manual,1.0
1300,2007.0,90000,90000.0,Petrol,Individual,Manual,1.0
1301,2016.0,1000000,40000.0,Diesel,Individual,Manual,1.0
1302,2010.0,145000,90000.0,CNG,Individual,Manual,2.0
1303,2020.0,250000,1100.0,Petrol,Individual,Manual,4.0
1304,2011.0,256000,70000.0,Diesel,Individual,Manual,3.0
1305,2005.0,70000,120000.0,Diesel,Individual,Manual,1.0
1306,2016.0,240000,70000.0,Petrol,Individual,Manual,2.0
1307,2010.0,97000,128000.0,Petrol,Individual,Manual,1.0
1308,2012.0,130000,120000.0,Diesel,Individual,Manual,1.0
1309,2009.0,199000,60000.0,Petrol,Individual,Manual,1.0
1310,2006.0,125000,70000.0,Petrol,Individual,Automatic,1.0
1311,2015.0,420000,60000.0,Diesel,Individual,Manual,1.0
1312,2016.0,525000,110000.0,Diesel,Individual,Manual,1.0
1313,2008.0,125000,85000.0,Petrol,Individual,Manual,1.0
1314,2010.0,325000,135000.0,Diesel,Individual,Manual,1.0
1315,2012.0,330000,86000.0,Diesel,Individual,Manual,4.0
1316,2010.0,110000,50000.0,Petrol,Individual,Manual,1.0
1317,2019.0,450000,1950.0,Petrol,Individual,Manual,1.0
1318,2005.0,85000,118400.0,Petrol,Individual,Manual,1.0
1319,2007.0,229999,60000.0,Petrol,Individual,Manual,2.0
1320,2012.0,250000,60000.0,Petrol,Individual,Manual,2.0
1321,2015.0,650000,68000.0,Diesel,Individual,Manual,1.0
1322,2017.0,650000,6480.0,Petrol,Trustmark Dealer,Manual,1.0
1323,2017.0,750000,32077.0,Diesel,Trustmark Dealer,Manual,1.0
1324,2018.0,850000,60000.0,Petrol,Trustmark Dealer,Manual,1.0
1325,2017.0,315000,18469.0,Petrol,Trustmark Dealer,Manual,1.0
1326,2015.0,415000,28217.0,Petrol,Trustmark Dealer,Manual,1.0
1327,2016.0,640000,72787.0,Diesel,Trustmark Dealer,Manual,1.0
1328,2017.0,780000,31063.0,Petrol,Trustmark Dealer,Manual,1.0
1329,2015.0,850000,58692.0,Diesel,Trustmark Dealer,Manual,1.0
1330,2015.0,900000,54784.0,Diesel,Trustmark Dealer,Manual,1.0
1331,2016.0,1150000,64156.0,Petrol,Trustmark Dealer,Manual,1.0
1332,2007.0,75000,54000.0,Petrol,Individual,Manual,1.0
1333,2012.0,215000,97000.0,Diesel,Individual,Manual,1.0
1334,2009.0,130000,120000.0,Petrol,Individual,Automatic,2.0
1335,2019.0,400000,16000.0,Petrol,Individual,Automatic,1.0
1336,2019.0,550000,60000.0,Petrol,Individual,Automatic,1.0
1337,2016.0,245000,52000.0,Petrol,Dealer,Manual,1.0
1338,2010.0,320000,110000.0,Diesel,Individual,Manual,4.0
1339,2016.0,730000,60000.0,Diesel,Individual,Automatic,2.0
1340,2005.0,120000,100000.0,Petrol,Individual,Manual,3.0
1341,2017.0,950000,35000.0,Petrol,Individual,Manual,1.0
1342,2017.0,350000,48000.0,Petrol,Individual,Manual,3.0
1343,2005.0,100000,20000.0,Petrol,Individual,Manual,2.0
1344,2017.0,350000,30000.0,Petrol,Individual,Manual,1.0
1345,2013.0,370000,60000.0,Petrol,Individual,Manual,1.0
1346,2012.0,160000,70000.0,Petrol,Individual,Manual,2.0
1347,2009.0,130000,120000.0,Diesel,Individual,Manual,1.0
1348,2016.0,250000,30000.0,Petrol,Individual,Manual,1.0
1349,2012.0,270000,80000.0,Diesel,Individual,Manual,2.0
1350,2013.0,160000,80000.0,Petrol,Individual,Manual,1.0
1351,2016.0,229999,80000.0,Petrol,Individual,Manual,1.0
1352,2017.0,750000,29000.0,Diesel,Individual,Manual,1.0
1353,2011.0,195000,120000.0,Diesel,Individual,Manual,1.0
1354,2016.0,270000,22000.0,Petrol,Individual,Manual,1.0
1355,2012.0,300000,50000.0,Petrol,Individual,Manual,1.0
1356,2012.0,200000,50000.0,Diesel,Individual,Manual,1.0
1357,2007.0,120000,81366.0,Petrol,Individual,Manual,1.0
1358,2006.0,95000,110000.0,Petrol,Individual,Manual,1.0
1359,2006.0,229999,60000.0,Diesel,Individual,Manual,1.0
1360,2012.0,300000,90000.0,Diesel,Individual,Manual,1.0
1361,2016.0,200000,53000.0,Petrol,Individual,Manual,2.0
1362,2017.0,250000,30000.0,Petrol,Individual,Manual,1.0
1363,2012.0,368000,90000.0,Petrol,Individual,Manual,2.0
1364,2012.0,180000,60000.0,LPG,Individual,Manual,1.0
1365,2017.0,525000,15000.0,Petrol,Individual,Manual,1.0
1366,2005.0,350000,150000.0,Diesel,Individual,Manual,2.0
1367,2018.0,850000,30000.0,Diesel,Individual,Manual,2.0
1368,2005.0,160000,67000.0,Petrol,Individual,Manual,1.0
1369,2017.0,500000,40000.0,Diesel,Individual,Manual,1.0
1370,2008.0,130000,100000.0,Petrol,Individual,Manual,1.0
1371,2015.0,350000,100000.0,Diesel,Individual,Manual,2.0
1372,2005.0,70000,80000.0,Petrol,Individual,Manual,1.0
1373,2014.0,750000,145000.0,Diesel,Individual,Manual,2.0
1374,2013.0,450000,53000.0,Diesel,Individual,Manual,1.0
1375,2015.0,430000,73000.0,Diesel,Individual,Manual,3.0
1376,2011.0,260000,90000.0,Diesel,Individual,Manual,3.0
1377,2013.0,370000,80000.0,Diesel,Individual,Manual,3.0
1378,2011.0,229999,100000.0,CNG,Individual,Manual,1.0
1379,2011.0,140000,90000.0,Diesel,Individual,Manual,3.0
1380,2020.0,545000,7300.0,Petrol,Individual,Manual,1.0
1381,2017.0,200000,30000.0,Petrol,Individual,Manual,1.0
1382,2015.0,500000,120000.0,Diesel,Individual,Manual,1.0
1383,2008.0,70000,90000.0,Petrol,Individual,Manual,2.0
1384,2013.0,580000,25000.0,Diesel,Individual,Manual,3.0
1385,2012.0,160000,70000.0,CNG,Individual,Manual,2.0
1386,2010.0,160000,36000.0,Petrol,Individual,Manual,1.0
1387,2016.0,760000,49000.0,Diesel,Individual,Manual,1.0
1388,2015.0,300000,22000.0,Petrol,Individual,Manual,1.0
1389,2019.0,800000,24000.0,Diesel,Individual,Manual,1.0
1390,2018.0,680000,20000.0,Diesel,Individual,Manual,1.0
1391,2014.0,85000,50000.0,LPG,Individual,Manual,2.0
1392,2016.0,500000,60000.0,Petrol,Individual,Manual,1.0
1393,2008.0,145000,60000.0,Petrol,Individual,Manual,1.0
1394,2014.0,300000,60000.0,Diesel,Individual,Manual,1.0
1395,2017.0,600000,60000.0,Diesel,Individual,Manual,2.0
1396,2015.0,400000,70000.0,Petrol,Individual,Manual,2.0
1397,2007.0,130000,135000.0,Petrol,Individual,Manual,2.0
1398,2001.0,45000,72539.0,Petrol,Individual,Manual,2.0
1399,2017.0,641000,25000.0,Petrol,Individual,Manual,1.0
1400,2015.0,650000,50000.0,Diesel,Individual,Manual,1.0
1401,2020.0,784000,101.0,Diesel,Dealer,Manual,0.0
1402,2020.0,635000,101.0,Petrol,Individual,Manual,0.0
1403,2020.0,1000000,101.0,Diesel,Dealer,Manual,0.0
1404,2015.0,495000,52328.0,Diesel,Dealer,Manual,1.0
1405,2013.0,324000,30000.0,Petrol,Individual,Manual,1.0
1406,2018.0,200000,35000.0,Petrol,Individual,Manual,1.0
1407,2015.0,320000,60000.0,Diesel,Individual,Manual,1.0
1408,2015.0,300000,20500.0,Petrol,Individual,Manual,1.0
1409,2008.0,500000,154000.0,Diesel,Individual,Manual,3.0
1410,2011.0,305000,120000.0,Petrol,Individual,Manual,2.0
1411,2009.0,125000,50000.0,Petrol,Individual,Manual,4.0
1412,2015.0,800000,135000.0,Diesel,Individual,Manual,1.0
1413,2009.0,420000,100000.0,Diesel,Individual,Manual,1.0
1414,2014.0,875000,40000.0,Diesel,Individual,Manual,1.0
1415,2014.0,580000,70000.0,Diesel,Individual,Manual,1.0
1416,2011.0,350000,133000.0,Diesel,Individual,Manual,2.0
1417,2004.0,120000,110000.0,Petrol,Individual,Manual,2.0
1418,2013.0,650000,120000.0,Diesel,Individual,Manual,1.0
1419,2010.0,225000,80000.0,Petrol,Individual,Manual,2.0
1420,2014.0,400000,15000.0,Petrol,Individual,Automatic,1.0
1421,2005.0,250000,70000.0,Petrol,Individual,Manual,1.0
1422,2014.0,120000,41723.0,Petrol,Individual,Manual,2.0
1423,2010.0,250000,70000.0,Petrol,Individual,Manual,1.0
1424,2012.0,175000,20000.0,Petrol,Individual,Manual,1.0
1425,2018.0,590000,26350.0,Diesel,Dealer,Manual,1.0
1426,2015.0,225000,68745.0,Diesel,Dealer,Manual,1.0
1427,2016.0,900000,47000.0,Diesel,Individual,Manual,1.0
1428,2017.0,375000,27289.0,Petrol,Dealer,Automatic,1.0
1429,2016.0,320000,24662.0,Petrol,Dealer,Manual,1.0
1430,2013.0,525000,37000.0,Diesel,Dealer,Manual,1.0
1431,2014.0,650000,28245.0,Diesel,Dealer,Manual,1.0
1432,2017.0,575000,27005.0,Diesel,Dealer,Manual,1.0
1433,2014.0,355000,39227.0,Petrol,Dealer,Manual,1.0
1434,2016.0,470000,31367.0,Diesel,Dealer,Manual,1.0
1435,2008.0,221000,35008.0,Petrol,Dealer,Manual,1.0
1436,2009.0,195000,27005.0,Petrol,Dealer,Manual,1.0
1437,2004.0,90000,100005.0,Petrol,Dealer,Manual,2.0
1438,2013.0,580000,45264.0,Diesel,Dealer,Manual,1.0
1439,2014.0,325000,39093.0,Petrol,Dealer,Manual,1.0
1440,2013.0,495000,45241.0,Petrol,Dealer,Manual,1.0
1441,2014.0,290000,12000.0,Diesel,Dealer,Manual,1.0
1442,2018.0,375000,2769.0,Petrol,Dealer,Manual,1.0
1443,2014.0,211000,43128.0,Diesel,Dealer,Manual,1.0
1444,2010.0,270000,110000.0,Petrol,Individual,Manual,1.0
1445,2004.0,70000,50000.0,Petrol,Individual,Manual,2.0
1446,2010.0,225000,60000.0,Petrol,Individual,Manual,2.0
1447,2014.0,420000,70000.0,Diesel,Individual,Manual,3.0
1448,2015.0,280000,22255.0,Petrol,Individual,Manual,1.0
1449,2013.0,400000,59213.0,Petrol,Individual,Manual,1.0
1450,2015.0,850000,55000.0,Diesel,Individual,Manual,1.0
1451,2011.0,550000,80000.0,Diesel,Individual,Manual,1.0
1452,2018.0,1000000,40000.0,Diesel,Individual,Manual,1.0
1453,2007.0,170000,70000.0,Petrol,Individual,Manual,3.0
1454,2020.0,828999,1010.0,Petrol,Dealer,Manual,0.0
1455,2020.0,1119000,1010.0,Petrol,Dealer,Manual,0.0
1456,2020.0,746000,1111.0,Petrol,Dealer,Manual,0.0
1457,2020.0,1030000,1010.0,Petrol,Dealer,Manual,0.0
1458,2020.0,811999,1010.0,Petrol,Dealer,Manual,0.0
1459,2020.0,852000,1010.0,Petrol,Dealer,Manual,0.0
1460,2006.0,45000,120000.0,Diesel,Individual,Manual,2.0
1461,2013.0,430000,70000.0,Diesel,Individual,Manual,3.0
1462,2015.0,830000,70000.0,Diesel,Individual,Manual,1.0
1463,2009.0,409999,110000.0,Diesel,Individual,Manual,2.0
1464,2012.0,190000,80000.0,Diesel,Individual,Manual,3.0
1465,2007.0,200000,80000.0,Petrol,Individual,Manual,2.0
1466,2006.0,120000,110000.0,Petrol,Individual,Manual,2.0
1467,2019.0,850000,50000.0,Diesel,Individual,Manual,1.0
1468,2011.0,95000,115000.0,Diesel,Individual,Manual,4.0
1469,2013.0,213000,80000.0,Petrol,Individual,Manual,1.0
1470,2018.0,660000,25000.0,Diesel,Individual,Manual,1.0
1471,2017.0,415000,48965.0,Petrol,Dealer,Manual,1.0
1472,2019.0,1100000,5166.0,Petrol,Dealer,Manual,0.0
1473,2012.0,650000,76290.0,Diesel,Dealer,Manual,1.0
1474,2016.0,969999,70000.0,Diesel,Individual,Automatic,2.0
1475,2017.0,715000,25000.0,Diesel,Individual,Automatic,1.0
1476,2016.0,565000,47000.0,Diesel,Dealer,Manual,1.0
1477,2013.0,615000,45766.0,Diesel,Individual,Manual,2.0
1478,2007.0,199000,78771.0,Diesel,Dealer,Manual,2.0
1479,2010.0,325000,79357.0,Diesel,Dealer,Manual,1.0
1480,2012.0,409999,28000.0,Diesel,Individual,Manual,1.0
1481,2012.0,500000,72000.0,Diesel,Dealer,Automatic,2.0
1482,2011.0,225000,76736.0,Diesel,Dealer,Manual,2.0
1483,2014.0,135000,70000.0,Petrol,Individual,Manual,2.0
1484,2012.0,750000,80000.0,Diesel,Individual,Automatic,2.0
1485,2009.0,155000,60000.0,LPG,Individual,Manual,2.0
1486,2012.0,335000,77000.0,Diesel,Dealer,Manual,3.0
1487,2005.0,114999,92645.0,Diesel,Dealer,Manual,4.0
1488,2007.0,699000,101849.0,Diesel,Dealer,Manual,2.0
1489,2004.0,110000,120000.0,Diesel,Individual,Manual,4.0
1490,2012.0,300000,80000.0,Petrol,Individual,Manual,1.0
1491,2014.0,700000,70000.0,Diesel,Individual,Manual,2.0
1492,2017.0,700000,120000.0,Diesel,Individual,Manual,1.0
1493,2013.0,210000,42000.0,Petrol,Individual,Manual,3.0
1494,2012.0,600000,120000.0,Diesel,Individual,Manual,3.0
1495,2012.0,180000,155836.0,Diesel,Individual,Manual,2.0
1496,2011.0,220000,59000.0,Petrol,Individual,Manual,2.0
1497,2009.0,70000,60000.0,Petrol,Individual,Manual,1.0
1498,2018.0,950000,70000.0,Diesel,Individual,Manual,2.0
1499,2014.0,800000,20000.0,Diesel,Individual,Manual,1.0
1500,2012.0,700000,120000.0,Diesel,Individual,Manual,3.0
1501,2016.0,265000,40000.0,Petrol,Individual,Manual,1.0
1502,2011.0,175000,90000.0,Diesel,Individual,Manual,3.0
1503,2012.0,260000,89000.0,Diesel,Individual,Manual,2.0
1504,2013.0,950000,80000.0,Diesel,Individual,Manual,3.0
1505,2015.0,630000,60000.0,Diesel,Individual,Manual,1.0
1506,2012.0,35000,35000.0,Petrol,Individual,Manual,3.0
1507,2016.0,535000,60000.0,Diesel,Individual,Manual,1.0
1508,2017.0,550000,60000.0,Petrol,Dealer,Automatic,1.0
1509,2009.0,150000,120000.0,Petrol,Individual,Manual,1.0
1510,2008.0,105000,90000.0,Diesel,Individual,Manual,1.0
1511,2013.0,185000,65000.0,Diesel,Individual,Manual,1.0
1512,2014.0,260000,50000.0,Diesel,Individual,Manual,1.0
1513,2012.0,450000,33000.0,Diesel,Individual,Manual,1.0
1514,2016.0,500000,38000.0,Petrol,Individual,Manual,1.0
1515,2012.0,260000,40000.0,Petrol,Individual,Manual,1.0
1516,2012.0,265000,55000.0,Diesel,Individual,Manual,2.0
1517,2014.0,800000,26000.0,Diesel,Individual,Manual,2.0
1518,2016.0,869999,80000.0,Diesel,Individual,Manual,1.0
1519,2018.0,690000,40000.0,Petrol,Individual,Manual,1.0
1520,2011.0,825000,120000.0,Diesel,Individual,Manual,1.0
1521,2006.0,160000,63230.0,Petrol,Individual,Manual,2.0
1522,2006.0,300000,120000.0,Diesel,Individual,Manual,2.0
1523,2005.0,100000,100000.0,Petrol,Individual,Manual,3.0
1524,2015.0,530000,77000.0,Diesel,Individual,Manual,2.0
1525,2016.0,360000,30000.0,Petrol,Individual,Manual,1.0
1526,2015.0,220000,40000.0,Petrol,Individual,Manual,1.0
1527,2017.0,178000,35000.0,Petrol,Individual,Manual,1.0
1528,2018.0,515000,5000.0,Diesel,Individual,Manual,1.0
1529,2014.0,300000,35000.0,Petrol,Individual,Manual,1.0
1530,2012.0,150000,80000.0,Diesel,Individual,Manual,2.0
1531,2017.0,750000,15000.0,Petrol,Individual,Manual,1.0
1532,2017.0,800000,26000.0,Diesel,Individual,Manual,2.0
1533,2012.0,950000,80000.0,Diesel,Individual,Manual,1.0
1534,2006.0,90000,40000.0,Petrol,Individual,Manual,2.0
1535,2008.0,65000,110000.0,Petrol,Individual,Manual,3.0
1536,2012.0,312000,90000.0,Diesel,Individual,Manual,2.0
1537,2018.0,700000,25000.0,Diesel,Individual,Manual,1.0
1538,2005.0,150000,47000.0,Petrol,Individual,Manual,1.0
1539,2013.0,450000,60000.0,Diesel,Individual,Manual,1.0
1540,2010.0,229999,120000.0,Diesel,Individual,Manual,2.0
1541,2008.0,111000,120000.0,Diesel,Individual,Manual,1.0
1542,2012.0,250000,140000.0,Diesel,Individual,Manual,2.0
1543,2019.0,750000,1001.0,Diesel,Dealer,Manual,1.0
1544,2017.0,774000,1758.0,Petrol,Dealer,Automatic,1.0
1545,2018.0,711000,1452.0,Petrol,Dealer,Automatic,1.0
1546,2017.0,600000,35122.0,Diesel,Dealer,Manual,1.0
1547,2015.0,455000,92621.0,Diesel,Dealer,Manual,1.0
1548,2015.0,225000,92198.0,Petrol,Dealer,Manual,2.0
1549,2019.0,650000,5000.0,Diesel,Individual,Manual,1.0
1550,2013.0,200000,60000.0,Petrol,Individual,Manual,1.0
1551,2016.0,875000,74000.0,Diesel,Individual,Automatic,1.0
1552,2017.0,750000,40000.0,Diesel,Individual,Automatic,1.0
1553,2019.0,725000,22000.0,Diesel,Individual,Automatic,1.0
1554,2007.0,100000,100000.0,Petrol,Individual,Manual,2.0
1555,2019.0,1100000,40000.0,Diesel,Individual,Manual,1.0
1556,2016.0,280000,23000.0,Petrol,Individual,Manual,1.0
1557,2009.0,150000,30000.0,Diesel,Individual,Manual,1.0
1558,2010.0,200000,50000.0,Petrol,Individual,Manual,1.0
1559,2010.0,148000,100000.0,Diesel,Individual,Manual,2.0
1560,2011.0,254999,70000.0,Petrol,Individual,Manual,2.0
1561,2013.0,360000,60000.0,Petrol,Individual,Manual,2.0
1562,2006.0,95000,90000.0,Petrol,Individual,Manual,2.0
1563,2012.0,185000,40000.0,Diesel,Individual,Manual,1.0
1564,2019.0,300000,15000.0,Petrol,Individual,Manual,1.0
1565,2018.0,800000,40000.0,Petrol,Individual,Manual,1.0
1566,2010.0,80000,50000.0,Petrol,Individual,Manual,2.0
1567,2018.0,500000,8000.0,Petrol,Individual,Manual,1.0
1568,2013.0,250000,35000.0,Petrol,Individual,Manual,1.0
1569,2010.0,250000,80000.0,Diesel,Individual,Manual,1.0
1570,2005.0,125000,50000.0,Petrol,Individual,Manual,2.0
1571,2002.0,100000,80000.0,Petrol,Individual,Manual,4.0
1572,2010.0,480000,90000.0,Diesel,Individual,Manual,1.0
1573,2018.0,320000,30000.0,Petrol,Individual,Manual,2.0
1574,2010.0,130000,70000.0,Petrol,Individual,Manual,2.0
1575,2006.0,57000,60000.0,Diesel,Individual,Manual,2.0
1576,2005.0,75000,60000.0,Petrol,Individual,Manual,1.0
1577,2003.0,60000,35000.0,Petrol,Individual,Manual,1.0
1578,2008.0,125000,70000.0,Petrol,Individual,Manual,1.0
1579,2004.0,105000,100000.0,Diesel,Individual,Manual,3.0
1580,2008.0,125000,152000.0,LPG,Individual,Manual,2.0
1581,2012.0,130000,90000.0,Diesel,Individual,Manual,2.0
1582,2019.0,630000,40000.0,Diesel,Individual,Manual,1.0
1583,2016.0,330000,50000.0,Petrol,Individual,Manual,2.0
1584,2014.0,340000,15000.0,Petrol,Individual,Manual,2.0
1585,2006.0,60000,120000.0,Petrol,Individual,Manual,3.0
1586,2014.0,550000,78322.0,Diesel,Individual,Manual,1.0
1587,2014.0,480000,110000.0,Diesel,Individual,Manual,2.0
1588,2013.0,315000,80000.0,Diesel,Individual,Manual,2.0
1589,2012.0,165000,120000.0,Diesel,Individual,Manual,1.0
1590,2016.0,170000,125000.0,Petrol,Individual,Manual,1.0
1591,2018.0,550000,8000.0,Petrol,Individual,Manual,1.0
1592,2018.0,465000,13000.0,Petrol,Individual,Manual,1.0
1593,2012.0,120000,80000.0,Diesel,Individual,Manual,3.0
1594,2008.0,220000,54309.0,Petrol,Individual,Manual,1.0
1595,2011.0,180000,70000.0,Diesel,Individual,Manual,2.0
1596,2006.0,150000,34600.0,Petrol,Individual,Manual,3.0
1597,2016.0,520000,25000.0,Petrol,Individual,Manual,1.0
1598,2013.0,430000,80000.0,Diesel,Individual,Manual,1.0
1599,2009.0,300000,55000.0,Diesel,Individual,Manual,2.0
1600,2020.0,1000000,5000.0,Diesel,Individual,Manual,1.0
1601,2017.0,725000,30000.0,Diesel,Individual,Manual,1.0
1602,2011.0,500000,31000.0,Diesel,Individual,Manual,1.0
1603,2011.0,250000,50000.0,Petrol,Individual,Manual,1.0
1604,2018.0,700000,38217.0,Diesel,Individual,Manual,1.0
1605,2011.0,185000,50000.0,Petrol,Individual,Manual,3.0
1606,2011.0,200000,120000.0,Diesel,Individual,Manual,1.0
1607,2004.0,315000,110000.0,Diesel,Individual,Manual,3.0
1608,2016.0,370000,60000.0,Petrol,Individual,Manual,1.0
1609,2016.0,280000,60000.0,Petrol,Individual,Manual,1.0
1610,2008.0,400000,35000.0,Petrol,Individual,Manual,1.0
1611,2014.0,200000,100000.0,Diesel,Individual,Manual,1.0
1612,2016.0,284000,60000.0,Diesel,Individual,Manual,2.0
1613,2007.0,80000,60000.0,Petrol,Individual,Manual,3.0
1614,2014.0,170000,77000.0,Petrol,Individual,Manual,1.0
1615,2011.0,150000,60000.0,Petrol,Individual,Manual,1.0
1616,2010.0,110000,77073.0,Petrol,Individual,Manual,2.0
1617,2016.0,400000,70000.0,Diesel,Individual,Manual,1.0
1618,2013.0,275000,90000.0,LPG,Individual,Manual,2.0
1619,2014.0,550000,90000.0,Diesel,Individual,Manual,1.0
1620,2007.0,125000,100000.0,Petrol,Individual,Manual,2.0
1621,2010.0,135000,60000.0,Petrol,Individual,Manual,2.0
1622,2012.0,349000,150000.0,Diesel,Individual,Manual,1.0
1623,2014.0,458000,80000.0,Diesel,Individual,Manual,1.0
1624,2018.0,300000,35000.0,Petrol,Individual,Manual,1.0
1625,2008.0,95000,70000.0,Petrol,Individual,Manual,1.0
1626,2018.0,850000,50000.0,Diesel,Individual,Manual,1.0
1627,2019.0,750000,25000.0,Diesel,Individual,Manual,1.0
1628,2013.0,190000,120000.0,Diesel,Individual,Manual,1.0
1629,2009.0,150000,70000.0,Petrol,Individual,Manual,1.0
1630,2009.0,114999,106000.0,Petrol,Individual,Manual,3.0
1631,2010.0,320000,120000.0,Petrol,Individual,Manual,3.0
1632,2019.0,300000,120000.0,CNG,Individual,Manual,1.0
1633,2016.0,275000,160000.0,Petrol,Individual,Manual,1.0
1634,2010.0,140000,120000.0,Petrol,Individual,Manual,2.0
1635,2020.0,830000,10000.0,Petrol,Individual,Manual,1.0
1636,2013.0,380000,50000.0,Petrol,Individual,Manual,1.0
1637,2010.0,150000,90000.0,Petrol,Individual,Manual,2.0
1638,2008.0,50000,70000.0,Petrol,Individual,Manual,1.0
1639,2008.0,155000,100000.0,Diesel,Individual,Manual,1.0
1640,2010.0,300000,80000.0,Petrol,Individual,Manual,1.0
1641,2018.0,300000,16584.0,Petrol,Dealer,Manual,1.0
1642,2016.0,385000,38000.0,Diesel,Dealer,Manual,1.0
1643,2010.0,221000,51000.0,Petrol,Dealer,Manual,1.0
1644,2016.0,381000,38000.0,Diesel,Dealer,Manual,1.0
1645,2015.0,250999,35000.0,Petrol,Dealer,Manual,1.0
1646,2002.0,60000,60000.0,Petrol,Individual,Manual,3.0
1647,2016.0,380000,38000.0,Diesel,Dealer,Manual,1.0
1648,2008.0,180000,144000.0,Diesel,Individual,Manual,3.0
1649,2017.0,751000,64000.0,Diesel,Dealer,Manual,1.0
1650,2014.0,229999,65000.0,Petrol,Dealer,Manual,1.0
1651,2014.0,782000,58000.0,Diesel,Dealer,Manual,2.0
1652,2014.0,780000,58000.0,Diesel,Dealer,Manual,2.0
1653,2016.0,245000,68000.0,Petrol,Dealer,Manual,1.0
1654,2011.0,321000,81257.0,Diesel,Dealer,Manual,1.0
1655,2017.0,509999,44000.0,Diesel,Dealer,Manual,1.0
1656,2015.0,110000,45000.0,Petrol,Dealer,Manual,1.0
1657,2013.0,400000,75000.0,Diesel,Dealer,Manual,1.0
1658,2013.0,370000,90000.0,Petrol,Individual,Manual,1.0
1659,2007.0,175000,80000.0,Diesel,Individual,Manual,2.0
1660,2013.0,92800,25000.0,Petrol,Individual,Manual,2.0
1661,2014.0,291000,90000.0,Diesel,Individual,Manual,1.0
1662,2013.0,335000,110000.0,Diesel,Individual,Manual,3.0
1663,2013.0,170000,35000.0,Petrol,Individual,Manual,1.0
1664,2019.0,295000,10000.0,Petrol,Individual,Manual,1.0
1665,2019.0,375000,10000.0,Petrol,Individual,Manual,1.0
1666,2012.0,215000,70000.0,Petrol,Individual,Manual,2.0
1667,2009.0,150000,60000.0,Diesel,Individual,Manual,2.0
1668,2003.0,60000,5000.0,Petrol,Individual,Manual,2.0
1669,2006.0,52000,120000.0,Petrol,Individual,Manual,3.0
1670,2009.0,80000,90000.0,LPG,Individual,Manual,2.0
1671,2012.0,280000,110000.0,Diesel,Individual,Manual,4.0
1672,2016.0,450000,50000.0,Diesel,Individual,Manual,2.0
1673,2018.0,1150000,58000.0,Diesel,Individual,Manual,1.0
1674,2018.0,650000,60000.0,Diesel,Individual,Manual,1.0
1675,2015.0,300000,60000.0,Petrol,Individual,Manual,2.0
1676,2015.0,73000,57000.0,Petrol,Individual,Manual,1.0
1677,2015.0,400000,87000.0,Diesel,Individual,Manual,3.0
1678,2017.0,300000,70000.0,Diesel,Individual,Manual,1.0
1679,2012.0,300000,30000.0,Petrol,Individual,Automatic,2.0
1680,2012.0,450000,80000.0,Diesel,Individual,Manual,1.0
1681,2009.0,200000,100000.0,Petrol,Individual,Manual,2.0
1682,2019.0,580000,40000.0,Petrol,Individual,Manual,1.0
1683,2017.0,550000,3917.0,Petrol,Individual,Manual,1.0
1684,2007.0,190000,160000.0,Diesel,Individual,Manual,2.0
1685,2017.0,450000,35000.0,Diesel,Individual,Manual,1.0
1686,2014.0,220000,70000.0,Petrol,Individual,Manual,1.0
1687,2012.0,310000,69069.0,Petrol,Dealer,Manual,1.0
1688,2019.0,650000,13500.0,Petrol,Individual,Manual,1.0
1689,2014.0,300000,59059.0,Petrol,Dealer,Manual,1.0
1690,2013.0,200000,70000.0,Petrol,Individual,Manual,1.0
1691,2012.0,285000,39039.0,Petrol,Dealer,Manual,1.0
1692,2014.0,335000,33033.0,Petrol,Dealer,Manual,1.0
1693,2011.0,370000,55168.0,Petrol,Individual,Manual,2.0
1694,2013.0,375000,41041.0,Petrol,Dealer,Manual,1.0
1695,2009.0,235000,67067.0,Petrol,Dealer,Manual,1.0
1696,2013.0,345000,66066.0,Petrol,Dealer,Automatic,1.0
1697,2013.0,365000,82082.0,Diesel,Dealer,Manual,1.0
1698,2014.0,400000,48000.0,Diesel,Individual,Manual,1.0
1699,2012.0,465000,70070.0,Diesel,Dealer,Automatic,1.0
1700,2017.0,300000,10000.0,Petrol,Individual,Manual,1.0
1701,2018.0,655000,60000.0,Petrol,Individual,Manual,1.0
1702,2016.0,350000,30000.0,CNG,Individual,Manual,2.0
1703,2015.0,500000,50000.0,Petrol,Dealer,Automatic,1.0
1704,2015.0,465000,63063.0,Petrol,Dealer,Automatic,1.0
1705,2008.0,263000,70000.0,Diesel,Individual,Manual,1.0
1706,2012.0,250000,90000.0,Petrol,Individual,Manual,1.0
1707,2005.0,70000,90000.0,Petrol,Individual,Manual,3.0
1708,2017.0,650000,140000.0,Diesel,Individual,Manual,1.0
1709,2014.0,370000,80000.0,Diesel,Individual,Manual,2.0
1710,2016.0,509999,40000.0,Diesel,Individual,Manual,1.0
1711,2011.0,280000,33000.0,Petrol,Individual,Manual,1.0
1712,2010.0,180000,40000.0,Petrol,Individual,Manual,1.0
1713,2015.0,240000,50000.0,Petrol,Individual,Manual,1.0
1714,2017.0,650000,6000.0,Petrol,Individual,Manual,1.0
1715,2010.0,200000,78000.0,Diesel,Dealer,Manual,2.0
1716,2011.0,210000,72000.0,Diesel,Dealer,Manual,3.0
1717,2011.0,75000,9528.0,Petrol,Dealer,Manual,1.0
1718,2011.0,450000,135200.0,Diesel,Dealer,Manual,1.0
1719,2011.0,220000,58000.0,Petrol,Dealer,Manual,2.0
1720,2013.0,325000,78000.0,Diesel,Dealer,Manual,2.0
1721,2018.0,450000,45000.0,Petrol,Individual,Manual,1.0
1722,2017.0,825000,35000.0,Diesel,Individual,Manual,1.0
1723,2007.0,125000,76000.0,Petrol,Dealer,Manual,3.0
1724,2015.0,434999,100000.0,Diesel,Individual,Manual,3.0
1725,2011.0,484999,99000.0,Diesel,Individual,Manual,2.0
1726,2009.0,175000,60000.0,Diesel,Individual,Manual,3.0
1727,2006.0,220000,120000.0,Petrol,Individual,Manual,3.0
1728,2017.0,215000,34000.0,Petrol,Dealer,Manual,1.0
1729,2014.0,625000,68000.0,Diesel,Dealer,Manual,1.0
1730,2018.0,615000,15000.0,Diesel,Individual,Manual,1.0
1731,2012.0,130000,58000.0,Diesel,Dealer,Manual,1.0
1732,2013.0,175000,50300.0,Diesel,Individual,Manual,1.0
1733,2011.0,150000,70000.0,Diesel,Individual,Manual,2.0
1734,2011.0,195000,60000.0,Diesel,Individual,Manual,3.0
1735,2020.0,550000,90000.0,Diesel,Individual,Manual,1.0
1736,2010.0,400000,80000.0,Petrol,Individual,Manual,2.0
1737,2015.0,217000,45000.0,Petrol,Individual,Manual,1.0
1738,2011.0,290000,130000.0,Diesel,Individual,Manual,2.0
1739,2018.0,700000,80000.0,Diesel,Individual,Manual,1.0
1740,2014.0,175000,40000.0,Petrol,Individual,Manual,1.0
1741,2017.0,575000,80000.0,Diesel,Individual,Manual,1.0
1742,2016.0,380000,100000.0,Diesel,Individual,Manual,2.0
1743,2013.0,350000,151624.0,Diesel,Individual,Manual,2.0
1744,2012.0,450000,160000.0,Diesel,Individual,Manual,1.0
1745,2005.0,130000,110000.0,CNG,Individual,Manual,2.0
1746,2015.0,320000,74820.0,Diesel,Individual,Manual,1.0
1747,2014.0,550000,82000.0,Diesel,Individual,Manual,1.0
1748,2015.0,370000,50000.0,Petrol,Individual,Manual,2.0
1749,2010.0,114999,70000.0,Petrol,Individual,Manual,2.0
1750,2020.0,1100000,1000.0,Petrol,Individual,Manual,1.0
1751,2008.0,80000,150000.0,Diesel,Individual,Manual,3.0
1752,2019.0,950000,17000.0,Diesel,Individual,Manual,1.0
1753,2014.0,425000,150000.0,Diesel,Individual,Manual,1.0
1754,2015.0,500000,80000.0,Diesel,Individual,Manual,1.0
1755,2013.0,349000,120000.0,Diesel,Individual,Manual,1.0
1756,2012.0,330000,90000.0,Petrol,Individual,Manual,3.0
1757,2010.0,120000,90000.0,Petrol,Individual,Manual,3.0
1758,2013.0,430000,100000.0,Diesel,Individual,Manual,2.0
1759,2014.0,390000,90000.0,Diesel,Individual,Manual,1.0
1760,2012.0,225000,129000.0,Diesel,Individual,Manual,1.0
1761,2009.0,100000,66778.0,Diesel,Individual,Manual,1.0
1762,2014.0,190000,50000.0,Petrol,Individual,Manual,1.0
1763,2014.0,315000,60000.0,Diesel,Individual,Manual,2.0
1764,2015.0,300000,60000.0,Diesel,Individual,Manual,2.0
1765,2016.0,280000,40000.0,Petrol,Individual,Manual,1.0
1766,2018.0,539000,60000.0,Petrol,Individual,Manual,1.0
1767,2017.0,420000,50000.0,Petrol,Individual,Manual,1.0
1768,2001.0,85000,70000.0,Petrol,Individual,Manual,3.0
1769,2004.0,142000,73000.0,Petrol,Individual,Manual,4.0
1770,2014.0,180000,76000.0,Petrol,Individual,Manual,2.0
1771,2014.0,400000,120000.0,Diesel,Individual,Manual,2.0
1772,2003.0,85000,110000.0,Petrol,Individual,Manual,2.0
1773,2016.0,350000,63400.0,Petrol,Individual,Manual,1.0
1774,2015.0,380000,25000.0,Petrol,Individual,Manual,1.0
1775,2009.0,140000,80000.0,Petrol,Individual,Manual,3.0
1776,2012.0,200000,90000.0,Petrol,Individual,Manual,1.0
1777,2011.0,150000,157000.0,Petrol,Individual,Manual,1.0
1778,2007.0,300000,100000.0,Diesel,Individual,Manual,2.0
1779,2017.0,280000,50000.0,Petrol,Individual,Manual,1.0
1780,2011.0,200000,60000.0,Petrol,Individual,Manual,1.0
1781,2009.0,110000,38500.0,Petrol,Individual,Manual,2.0
1782,2008.0,140000,103921.0,Petrol,Individual,Manual,2.0
1783,2018.0,1150000,14825.0,Petrol,Dealer,Manual,1.0
1784,2016.0,910000,43377.0,Diesel,Dealer,Manual,1.0
1785,2010.0,160000,102307.0,Diesel,Dealer,Manual,1.0
1786,2004.0,105000,79000.0,Petrol,Individual,Manual,2.0
1787,2014.0,1200000,135000.0,Diesel,Individual,Automatic,3.0
1788,2004.0,70000,90000.0,Petrol,Individual,Manual,4.0
1789,2012.0,160000,110000.0,Diesel,Individual,Manual,1.0
1790,2013.0,225000,80000.0,Diesel,Individual,Manual,1.0
1791,2002.0,145000,100000.0,Petrol,Individual,Manual,1.0
1792,2018.0,930000,20000.0,Diesel,Individual,Manual,1.0
1793,2008.0,110000,60000.0,Diesel,Individual,Manual,3.0
1794,2017.0,650000,40000.0,Diesel,Individual,Manual,1.0
1795,2019.0,550000,51000.0,Petrol,Individual,Manual,1.0
1796,2008.0,85000,120000.0,Petrol,Individual,Manual,2.0
1797,2016.0,509999,35000.0,Petrol,Individual,Manual,1.0
1798,2014.0,225000,110000.0,Petrol,Individual,Manual,2.0
1799,2017.0,650000,70000.0,Diesel,Individual,Manual,1.0
1800,2011.0,140000,60000.0,Petrol,Individual,Manual,2.0
1801,2011.0,150000,70000.0,Petrol,Individual,Manual,1.0
1802,2018.0,450000,10000.0,Petrol,Individual,Manual,2.0
1803,2017.0,400000,60000.0,Petrol,Individual,Manual,1.0
1804,2012.0,250000,8000.0,Petrol,Individual,Manual,1.0
1805,2019.0,500000,10000.0,Diesel,Individual,Manual,1.0
1806,2002.0,85000,100000.0,Diesel,Individual,Manual,3.0
1807,2012.0,300000,110000.0,Diesel,Individual,Manual,1.0
1808,2015.0,740000,45000.0,Diesel,Dealer,Automatic,1.0
1809,2005.0,70000,68500.0,Petrol,Dealer,Manual,1.0
1810,2019.0,484999,5007.0,Petrol,Dealer,Automatic,1.0
1811,2013.0,164000,30000.0,Petrol,Individual,Manual,1.0
1812,2008.0,140000,70000.0,Petrol,Individual,Automatic,1.0
1813,2011.0,999000,49600.0,Diesel,Dealer,Automatic,1.0
1814,2005.0,56000,23000.0,Petrol,Individual,Manual,2.0
1815,2006.0,1050000,60000.0,Diesel,Dealer,Automatic,1.0
1816,2010.0,190000,38000.0,Petrol,Dealer,Manual,1.0
1817,2011.0,235000,43100.0,Petrol,Dealer,Manual,1.0
1818,2017.0,350000,10171.0,Petrol,Dealer,Manual,1.0
1819,2015.0,465000,41123.0,Diesel,Dealer,Manual,1.0
1820,2014.0,450000,40000.0,Diesel,Dealer,Manual,1.0
1821,2015.0,790000,52517.0,Diesel,Dealer,Manual,1.0
1822,2019.0,900000,20000.0,Diesel,Individual,Manual,1.0
1823,2014.0,450000,99117.0,Diesel,Dealer,Manual,1.0
1824,2009.0,135000,90000.0,Petrol,Individual,Manual,1.0
1825,2019.0,425000,3700.0,Petrol,Individual,Manual,1.0
1826,2010.0,100000,80000.0,Diesel,Individual,Manual,1.0
1827,2015.0,650000,100000.0,Diesel,Individual,Manual,2.0
1828,2011.0,90000,54000.0,Diesel,Individual,Manual,1.0
1829,2017.0,250000,19000.0,Petrol,Individual,Manual,1.0
1830,2014.0,300000,120000.0,Diesel,Individual,Manual,1.0
1831,2014.0,275000,30000.0,Petrol,Individual,Manual,1.0
1832,2017.0,600000,43500.0,Petrol,Individual,Manual,1.0
1833,2016.0,270000,60000.0,Petrol,Individual,Manual,2.0
1834,2017.0,540000,20000.0,Petrol,Individual,Manual,2.0
1835,2013.0,92800,60000.0,Petrol,Individual,Manual,2.0
1836,2013.0,92800,25000.0,Diesel,Individual,Manual,1.0
1837,2014.0,350000,20000.0,Petrol,Individual,Manual,1.0
1838,2015.0,650000,58000.0,Diesel,Individual,Manual,1.0
1839,2014.0,350000,40000.0,Petrol,Dealer,Manual,1.0
1840,2005.0,75000,70000.0,Petrol,Individual,Manual,2.0
1841,2012.0,440000,70000.0,Diesel,Dealer,Manual,1.0
1842,2013.0,270000,60000.0,Petrol,Individual,Manual,1.0
1843,2014.0,1150000,135000.0,Diesel,Dealer,Manual,1.0
1844,2015.0,238000,70000.0,Petrol,Dealer,Manual,1.0
1845,2013.0,1100000,40000.0,Petrol,Individual,Automatic,2.0
1846,2015.0,1200000,75000.0,Diesel,Dealer,Manual,2.0
1847,2010.0,260000,150000.0,Diesel,Individual,Manual,1.0
1848,2012.0,350000,140000.0,Diesel,Individual,Manual,3.0
1849,2015.0,480000,70000.0,Diesel,Individual,Manual,1.0
1850,2012.0,345000,137250.0,Diesel,Individual,Manual,2.0
1851,2013.0,500000,110000.0,Diesel,Individual,Manual,2.0
1852,2017.0,595000,27000.0,Petrol,Dealer,Manual,1.0
1853,2020.0,541000,1000.0,Petrol,Dealer,Manual,0.0
1854,2018.0,515000,16000.0,Petrol,Dealer,Manual,1.0
1855,2019.0,894999,13000.0,Diesel,Dealer,Manual,0.0
1856,2012.0,325000,47000.0,Diesel,Dealer,Manual,1.0
1857,2018.0,925000,22000.0,Petrol,Individual,Manual,1.0
1858,2017.0,844999,30000.0,Diesel,Individual,Manual,1.0
1859,2018.0,925000,20000.0,Petrol,Individual,Manual,1.0
1860,2013.0,300000,60000.0,Diesel,Individual,Manual,1.0
1861,2008.0,650000,75000.0,Petrol,Individual,Manual,2.0
1862,2010.0,175000,64000.0,Petrol,Dealer,Manual,1.0
1863,2015.0,325000,60000.0,Diesel,Individual,Manual,1.0
1864,2018.0,700000,30000.0,Petrol,Individual,Manual,1.0
1865,2003.0,95000,120000.0,Petrol,Individual,Automatic,2.0
1866,2019.0,490000,20000.0,Petrol,Dealer,Manual,1.0
1867,2013.0,380000,100000.0,Diesel,Individual,Manual,1.0
1868,2018.0,550000,31000.0,Petrol,Dealer,Manual,1.0
1869,2013.0,225000,47000.0,Petrol,Dealer,Manual,1.0
1870,2018.0,570000,11200.0,Petrol,Individual,Manual,1.0
1871,2018.0,305000,35000.0,Petrol,Dealer,Manual,1.0
1872,2010.0,240000,60000.0,LPG,Dealer,Manual,1.0
1873,2015.0,700000,55000.0,Diesel,Dealer,Manual,1.0
1874,2018.0,288000,20000.0,Petrol,Dealer,Manual,1.0
1875,2017.0,800000,75000.0,Diesel,Dealer,Manual,1.0
1876,2017.0,430000,93000.0,Petrol,Dealer,Manual,1.0
1877,2009.0,195000,57000.0,Diesel,Dealer,Manual,2.0
1878,2014.0,325000,30000.0,Petrol,Dealer,Manual,1.0
1879,2013.0,450000,60000.0,Diesel,Dealer,Manual,1.0
1880,2016.0,630000,65000.0,Diesel,Dealer,Manual,1.0
1881,2009.0,250000,62000.0,Diesel,Dealer,Manual,2.0
1882,2007.0,135000,85000.0,Petrol,Dealer,Manual,1.0
1883,2010.0,110000,73000.0,Petrol,Individual,Manual,1.0
1884,2012.0,350000,55000.0,Diesel,Dealer,Manual,1.0
1885,2014.0,240000,5800.0,Petrol,Individual,Manual,2.0
1886,2014.0,600000,30000.0,Petrol,Individual,Manual,1.0
1887,2018.0,750000,20000.0,Diesel,Individual,Manual,1.0
1888,2007.0,90000,100000.0,Petrol,Individual,Manual,2.0
1889,2013.0,350000,65000.0,Petrol,Individual,Manual,1.0
1890,2013.0,285000,90000.0,Diesel,Individual,Manual,2.0
1891,2011.0,350000,140000.0,Diesel,Individual,Manual,2.0
1892,2010.0,285000,60000.0,Petrol,Dealer,Manual,2.0
1893,2018.0,1000000,28635.0,Petrol,Dealer,Manual,1.0
1894,2018.0,780000,32114.0,Diesel,Dealer,Manual,1.0
1895,2014.0,300000,82000.0,Petrol,Dealer,Manual,2.0
1896,2006.0,160000,95149.0,Petrol,Dealer,Manual,2.0
1897,2018.0,625000,68458.0,Petrol,Dealer,Manual,1.0
1898,2010.0,265000,42000.0,Petrol,Individual,Manual,1.0
1899,2014.0,515000,90000.0,Diesel,Individual,Manual,2.0
1900,2012.0,409999,56000.0,Diesel,Individual,Manual,1.0
1901,2018.0,100000,21302.0,Diesel,Individual,Manual,1.0
1902,2016.0,650000,100000.0,Diesel,Individual,Manual,1.0
1903,2017.0,650000,80000.0,Diesel,Individual,Manual,1.0
1904,2010.0,150000,105546.0,Petrol,Individual,Manual,1.0
1905,2018.0,500000,10000.0,Petrol,Individual,Manual,1.0
1906,2012.0,1000000,80000.0,Diesel,Individual,Manual,2.0
1907,2013.0,340000,35000.0,Petrol,Individual,Manual,1.0
1908,2013.0,1010000,120000.0,Diesel,Individual,Manual,1.0
1909,2011.0,350000,120000.0,Diesel,Individual,Manual,3.0
1910,2016.0,595000,70000.0,Diesel,Individual,Manual,1.0
1911,2014.0,700000,60000.0,Diesel,Individual,Manual,3.0
1912,2019.0,265000,40000.0,Petrol,Individual,Manual,1.0
1913,2015.0,320000,60000.0,Petrol,Individual,Manual,2.0
1914,2011.0,310000,110000.0,Petrol,Individual,Manual,1.0
1915,2014.0,700000,130000.0,Diesel,Individual,Manual,1.0
1916,2009.0,130000,80000.0,Petrol,Individual,Manual,2.0
1917,2009.0,150000,120000.0,Diesel,Individual,Manual,2.0
1918,2015.0,300000,104000.0,Diesel,Individual,Manual,2.0
1919,2011.0,150000,100000.0,Petrol,Individual,Manual,2.0
1920,2003.0,120000,132343.0,Petrol,Individual,Manual,2.0
1921,2016.0,950000,90000.0,Diesel,Individual,Manual,2.0
1922,2007.0,100000,60000.0,Petrol,Individual,Manual,2.0
1923,2015.0,450000,76000.0,Diesel,Individual,Manual,1.0
1924,2004.0,30000,60000.0,Petrol,Individual,Manual,3.0
1925,2009.0,200000,30000.0,Petrol,Individual,Manual,2.0
1926,2010.0,250000,96000.0,Diesel,Individual,Manual,2.0
1927,2015.0,280000,26134.0,Petrol,Dealer,Manual,1.0
1928,2011.0,260000,52895.0,Diesel,Dealer,Manual,1.0
1929,2013.0,550000,42324.0,Diesel,Dealer,Manual,2.0
1930,2016.0,1044999,65000.0,Diesel,Dealer,Manual,1.0
1931,2012.0,550000,60236.0,Diesel,Dealer,Manual,1.0
1932,2014.0,210000,60000.0,Petrol,Individual,Manual,2.0
1933,2014.0,210000,70000.0,Petrol,Individual,Manual,3.0
1934,2009.0,290000,100000.0,Diesel,Individual,Manual,2.0
1935,2008.0,250999,110000.0,Diesel,Individual,Manual,1.0
1936,2019.0,600000,10300.0,Petrol,Individual,Manual,1.0
1937,2014.0,270000,60000.0,Diesel,Individual,Manual,2.0
1938,2012.0,550000,142000.0,Diesel,Individual,Manual,1.0
1939,2017.0,800000,25000.0,Diesel,Individual,Manual,1.0
1940,2020.0,500000,60000.0,Petrol,Individual,Manual,1.0
1941,2016.0,396000,28643.0,Petrol,Dealer,Manual,1.0
1942,2014.0,600000,50000.0,Diesel,Individual,Manual,1.0
1943,2019.0,575000,30000.0,Petrol,Dealer,Manual,1.0
1944,2020.0,520000,5000.0,Petrol,Individual,Manual,1.0
1945,2018.0,600000,7600.0,Petrol,Individual,Automatic,1.0
1946,2013.0,195000,47253.0,Diesel,Dealer,Manual,1.0
1947,2015.0,281000,4432.0,Petrol,Dealer,Automatic,2.0
1948,2010.0,75000,110000.0,Petrol,Individual,Manual,2.0
1949,2014.0,400000,25000.0,Petrol,Individual,Manual,1.0
1950,2009.0,93000,70000.0,Diesel,Individual,Manual,2.0
1951,2016.0,560000,68523.0,Diesel,Dealer,Manual,1.0
1952,2019.0,400000,5000.0,Petrol,Individual,Manual,1.0
1953,2018.0,459999,40000.0,Petrol,Individual,Manual,1.0
1954,2017.0,450000,43000.0,Diesel,Individual,Manual,1.0
1955,2010.0,88000,60000.0,CNG,Dealer,Manual,2.0
1956,2010.0,250000,34500.0,Petrol,Individual,Manual,2.0
1957,2013.0,130000,93900.0,Diesel,Individual,Manual,2.0
1958,2004.0,79000,80000.0,Petrol,Individual,Manual,1.0
1959,2012.0,120000,110000.0,Diesel,Individual,Manual,1.0
1960,2012.0,300000,25000.0,Diesel,Individual,Manual,1.0
1961,2009.0,145000,25000.0,Petrol,Individual,Manual,1.0
1962,2013.0,240000,10000.0,Petrol,Individual,Manual,1.0
1963,2018.0,700000,60000.0,Diesel,Individual,Manual,1.0
1964,2010.0,145000,110000.0,Petrol,Individual,Manual,2.0
1965,2014.0,535000,80000.0,Diesel,Individual,Manual,2.0
1966,2016.0,420000,21000.0,Petrol,Individual,Manual,1.0
1967,2016.0,350000,20000.0,Petrol,Individual,Manual,1.0
1968,2015.0,550000,32000.0,Diesel,Individual,Manual,1.0
1969,2012.0,198000,70000.0,Diesel,Individual,Manual,2.0
1970,2013.0,420000,50000.0,Diesel,Individual,Manual,1.0
1971,2004.0,195000,120000.0,Diesel,Individual,Manual,1.0
1972,2012.0,150000,55766.0,Petrol,Individual,Manual,2.0
1973,2011.0,275000,40000.0,Petrol,Individual,Manual,2.0
1974,2001.0,65000,60000.0,Petrol,Individual,Manual,3.0
1975,2008.0,200000,50000.0,Petrol,Individual,Manual,1.0
1976,2010.0,250000,110000.0,Diesel,Individual,Manual,2.0
1977,2013.0,182000,100000.0,Diesel,Individual,Manual,1.0
1978,2016.0,320000,24662.0,Petrol,Individual,Manual,1.0
1979,2014.0,650000,28245.0,Diesel,Individual,Manual,1.0
1980,2001.0,85000,86000.0,Petrol,Individual,Manual,2.0
1981,2013.0,400000,50000.0,Diesel,Individual,Manual,1.0
1982,2017.0,650000,20000.0,Diesel,Individual,Manual,1.0
1983,2010.0,400000,50000.0,Petrol,Individual,Manual,1.0
1984,2012.0,295000,80000.0,Diesel,Individual,Manual,2.0
1985,2006.0,60000,135000.0,LPG,Individual,Manual,4.0
1986,2003.0,110000,60000.0,Diesel,Individual,Manual,3.0
1987,2015.0,550000,113600.0,Diesel,Individual,Manual,1.0
1988,2008.0,190000,70000.0,Petrol,Individual,Manual,3.0
1989,2018.0,861999,20000.0,Diesel,Dealer,Manual,1.0
1990,2018.0,782000,14000.0,Petrol,Dealer,Manual,1.0
1991,2018.0,836000,26000.0,Diesel,Dealer,Manual,1.0
1992,2016.0,696000,138925.0,Petrol,Dealer,Manual,1.0
1993,2014.0,596000,121764.0,Diesel,Dealer,Manual,1.0
1994,2016.0,612000,105429.0,Petrol,Dealer,Manual,1.0
1995,2015.0,114999,35000.0,Petrol,Individual,Manual,1.0
1996,2017.0,340000,60000.0,Diesel,Individual,Manual,1.0
1997,2020.0,550000,5000.0,Petrol,Individual,Manual,1.0
1998,2008.0,114999,70000.0,Petrol,Individual,Manual,3.0
1999,2019.0,890000,20000.0,Diesel,Individual,Manual,1.0
2000,2019.0,715000,8000.0,Petrol,Individual,Manual,1.0
2001,2014.0,525000,54000.0,Petrol,Dealer,Manual,1.0
2002,2012.0,735000,55300.0,Diesel,Individual,Automatic,1.0
2003,2014.0,475000,23122.0,Petrol,Dealer,Manual,2.0
2004,2013.0,325000,62200.0,Diesel,Dealer,Manual,1.0
2005,2012.0,349000,44500.0,Diesel,Dealer,Manual,2.0
2006,2017.0,825000,13599.0,Petrol,Dealer,Automatic,1.0
2007,2014.0,550000,100000.0,Diesel,Individual,Manual,2.0
2008,2006.0,95000,110000.0,Petrol,Individual,Manual,3.0
2009,2014.0,725000,90000.0,Diesel,Individual,Manual,2.0
2010,2019.0,670000,17000.0,Petrol,Individual,Manual,1.0
2011,2008.0,65000,140000.0,Petrol,Individual,Manual,1.0
2012,2015.0,500000,50000.0,Diesel,Individual,Manual,2.0
2013,2017.0,600000,53000.0,Petrol,Individual,Manual,1.0
2014,2017.0,350000,70000.0,Petrol,Individual,Manual,2.0
2015,2008.0,110000,154000.0,Diesel,Individual,Manual,3.0
2016,2012.0,150000,80000.0,Petrol,Individual,Manual,1.0
2017,2003.0,75000,110000.0,Diesel,Individual,Manual,2.0
2018,2013.0,350000,90000.0,Diesel,Individual,Manual,2.0
2019,2011.0,890000,86000.0,Diesel,Individual,Automatic,2.0
2020,2014.0,500000,120000.0,Diesel,Individual,Manual,1.0
2021,2019.0,600000,5200.0,Petrol,Individual,Manual,1.0
2022,2010.0,99000,60000.0,Petrol,Individual,Manual,2.0
2023,2011.0,235000,46000.0,Petrol,Individual,Manual,1.0
2024,2006.0,75000,40000.0,Petrol,Individual,Manual,2.0
2025,2014.0,600000,90000.0,Diesel,Individual,Manual,2.0
2026,2019.0,1000000,60000.0,Diesel,Individual,Manual,2.0
2027,2012.0,390000,90000.0,Diesel,Individual,Manual,1.0
2028,2015.0,600000,70000.0,Diesel,Individual,Manual,1.0
2029,2017.0,600000,70000.0,Petrol,Individual,Manual,2.0
2030,2019.0,730000,35000.0,Diesel,Individual,Manual,2.0
2031,2017.0,450000,12700.0,Petrol,Individual,Automatic,1.0
2032,2011.0,250000,80000.0,Diesel,Individual,Manual,1.0
2033,2018.0,300000,20000.0,Petrol,Individual,Manual,1.0
2034,2017.0,800000,19000.0,Petrol,Individual,Manual,1.0
2035,2009.0,125000,95000.0,Diesel,Individual,Manual,2.0
2036,2012.0,295000,90000.0,Diesel,Individual,Manual,1.0
2037,2013.0,650000,45839.0,Petrol,Dealer,Manual,1.0
2038,2010.0,200000,60000.0,Petrol,Dealer,Manual,1.0
2039,2009.0,130000,87293.0,Petrol,Dealer,Manual,1.0
2040,2012.0,250000,156040.0,Diesel,Dealer,Manual,1.0
2041,2004.0,400000,93415.0,Diesel,Dealer,Manual,1.0
2042,2017.0,430000,101159.0,Petrol,Dealer,Manual,1.0
2043,2015.0,170000,80000.0,Petrol,Individual,Manual,2.0
2044,2019.0,450000,12000.0,Petrol,Individual,Manual,1.0
2045,2013.0,350000,90000.0,Petrol,Individual,Manual,1.0
2046,2011.0,130000,68519.0,Petrol,Dealer,Manual,1.0
2047,2012.0,180000,55130.0,Diesel,Dealer,Manual,1.0
2048,2014.0,475000,65239.0,Petrol,Dealer,Manual,1.0
2049,2015.0,470000,58182.0,Petrol,Dealer,Manual,1.0
2050,2012.0,200000,91245.0,Diesel,Dealer,Manual,1.0
2051,2013.0,650000,102989.0,Diesel,Dealer,Manual,1.0
2052,2014.0,409999,90000.0,Diesel,Individual,Manual,1.0
2053,2018.0,640000,25000.0,Diesel,Individual,Manual,1.0
2054,2007.0,160000,80000.0,Petrol,Individual,Manual,2.0
2055,2018.0,750000,70000.0,Diesel,Individual,Manual,1.0
2056,2002.0,150000,50000.0,Diesel,Individual,Manual,3.0
2057,2008.0,80000,100000.0,Petrol,Individual,Manual,2.0
2058,2016.0,240000,90000.0,Diesel,Individual,Manual,3.0
2059,2005.0,60000,60000.0,Petrol,Individual,Manual,3.0
2060,2007.0,70000,120000.0,Petrol,Individual,Manual,3.0
2061,2008.0,285000,90000.0,Diesel,Individual,Automatic,2.0
2062,2015.0,350000,60000.0,Diesel,Individual,Manual,2.0
2063,2015.0,699000,30000.0,Diesel,Individual,Manual,2.0
2064,2011.0,275000,108000.0,Diesel,Individual,Manual,2.0
2065,2012.0,350000,160000.0,Diesel,Individual,Manual,2.0
2066,2006.0,135000,90000.0,Petrol,Individual,Manual,3.0
2067,2010.0,325000,120000.0,Diesel,Individual,Manual,3.0
2068,2012.0,650000,102000.0,Diesel,Individual,Manual,2.0
2069,2012.0,450000,60000.0,Petrol,Dealer,Manual,1.0
2070,2019.0,425000,3000.0,Petrol,Individual,Manual,1.0
2071,2006.0,150000,75118.0,Petrol,Individual,Manual,2.0
2072,2013.0,290000,60000.0,Diesel,Individual,Manual,2.0
2073,2014.0,335000,60000.0,Petrol,Individual,Manual,2.0
2074,2006.0,120000,79000.0,Petrol,Dealer,Manual,4.0
2075,2005.0,20000,25000.0,Petrol,Individual,Manual,2.0
2076,2005.0,250000,60000.0,Petrol,Individual,Manual,1.0
2077,2008.0,120000,60000.0,Petrol,Individual,Manual,2.0
2078,2012.0,220000,70000.0,Diesel,Individual,Manual,2.0
2079,2005.0,61000,4637.0,Petrol,Individual,Manual,2.0
2080,2016.0,620000,70000.0,Diesel,Individual,Manual,1.0
2081,2014.0,425000,100000.0,Diesel,Individual,Manual,1.0
2082,2009.0,85000,120000.0,Diesel,Individual,Manual,2.0
2083,2015.0,270000,40000.0,Diesel,Individual,Manual,2.0
2084,2017.0,450000,30000.0,Petrol,Individual,Manual,1.0
2085,2012.0,450000,42655.0,Diesel,Individual,Manual,1.0
2086,2017.0,250000,43000.0,Petrol,Individual,Manual,2.0
2087,2012.0,725000,70000.0,Diesel,Individual,Manual,1.0
2088,2010.0,250000,55000.0,Petrol,Individual,Manual,1.0
2089,2010.0,99000,80000.0,Diesel,Individual,Manual,2.0
2090,2017.0,350000,55000.0,Petrol,Individual,Manual,1.0
2091,2018.0,511000,70000.0,Petrol,Individual,Manual,1.0
2092,2012.0,300000,80000.0,Diesel,Individual,Manual,1.0
2093,2010.0,1100000,110000.0,Petrol,Individual,Automatic,1.0
2094,2010.0,125000,60000.0,Petrol,Individual,Manual,3.0
2095,2018.0,500000,30000.0,Petrol,Individual,Manual,1.0
2096,2013.0,385000,80000.0,Diesel,Individual,Manual,2.0
2097,2012.0,350000,60000.0,Petrol,Individual,Manual,1.0
2098,2003.0,60000,50000.0,Petrol,Individual,Manual,1.0
2099,2012.0,400000,70000.0,Diesel,Individual,Manual,1.0
2100,2014.0,550000,110000.0,Diesel,Individual,Manual,1.0
2101,2012.0,300000,80000.0,Petrol,Individual,Manual,2.0
2102,2012.0,250000,156000.0,Diesel,Individual,Manual,1.0
2103,2018.0,300000,25000.0,Petrol,Individual,Manual,1.0
2104,2004.0,80000,120000.0,Petrol,Individual,Manual,1.0
2105,2020.0,1200000,11000.0,Diesel,Individual,Manual,1.0
2106,2017.0,355000,40000.0,Petrol,Individual,Automatic,1.0
2107,2015.0,520000,50000.0,Diesel,Individual,Manual,1.0
2108,2012.0,500000,26000.0,Diesel,Individual,Manual,1.0
2109,2008.0,114999,30000.0,Petrol,Individual,Manual,1.0
2110,2018.0,800000,20000.0,Diesel,Individual,Manual,1.0
2111,2008.0,105000,30000.0,Petrol,Individual,Manual,2.0
2112,2011.0,135000,78000.0,Petrol,Individual,Manual,1.0
2113,2011.0,170000,40000.0,Petrol,Individual,Manual,2.0
2114,2014.0,550000,100000.0,Petrol,Individual,Manual,1.0
2115,2009.0,250000,70000.0,Petrol,Individual,Manual,3.0
2116,2014.0,650000,30000.0,Diesel,Individual,Manual,2.0
2117,2008.0,210000,77000.0,Petrol,Individual,Automatic,3.0
2118,2011.0,260000,150000.0,Diesel,Individual,Manual,1.0
2119,2016.0,750000,69000.0,Diesel,Individual,Manual,1.0
2120,2012.0,220000,120000.0,Diesel,Individual,Manual,2.0
2121,2008.0,110000,110000.0,Petrol,Individual,Manual,2.0
2122,2013.0,220000,110000.0,Diesel,Individual,Manual,1.0
2123,2009.0,130000,50000.0,Diesel,Individual,Manual,1.0
2124,2012.0,330000,44000.0,Petrol,Individual,Manual,1.0
2125,2010.0,254999,90000.0,Petrol,Individual,Manual,2.0
2126,2014.0,600000,50000.0,Petrol,Individual,Manual,2.0
2127,2012.0,210000,50000.0,Petrol,Individual,Manual,1.0
2128,2014.0,300000,146000.0,Diesel,Individual,Manual,1.0
2129,2018.0,426000,15000.0,Petrol,Individual,Automatic,1.0
2130,2015.0,265000,60000.0,Petrol,Individual,Manual,1.0
2131,2016.0,450000,35000.0,Petrol,Individual,Manual,2.0
2132,2012.0,480000,80000.0,Diesel,Individual,Manual,1.0
2133,2010.0,40000,90000.0,Petrol,Individual,Manual,1.0
2134,2011.0,395000,70000.0,Petrol,Individual,Manual,2.0
2135,2013.0,229999,62000.0,Petrol,Individual,Manual,2.0
2136,2018.0,875000,10000.0,Petrol,Individual,Automatic,1.0
2137,2010.0,170000,80000.0,CNG,Individual,Manual,4.0
2138,2015.0,500000,35000.0,Petrol,Individual,Manual,2.0
2139,2017.0,600000,60000.0,Diesel,Trustmark Dealer,Manual,1.0
2140,2019.0,450000,40000.0,Petrol,Individual,Manual,1.0
2141,2012.0,550000,120000.0,Diesel,Individual,Manual,3.0
2142,2008.0,80000,90000.0,Petrol,Individual,Manual,2.0
2143,2019.0,675000,15000.0,Diesel,Individual,Manual,1.0
2144,2017.0,260000,30000.0,Petrol,Individual,Manual,1.0
2145,2001.0,70000,117000.0,Petrol,Individual,Manual,2.0
2146,2004.0,100000,70000.0,Petrol,Individual,Manual,1.0
2147,2012.0,730000,110000.0,Diesel,Individual,Manual,2.0
2148,2016.0,525000,100000.0,Diesel,Individual,Manual,2.0
2149,2016.0,525000,105000.0,Diesel,Individual,Manual,2.0
2150,2012.0,420000,95000.0,Diesel,Individual,Manual,2.0
2151,2015.0,500000,70000.0,Petrol,Individual,Manual,1.0
2152,2009.0,165000,76000.0,Petrol,Individual,Manual,2.0
2153,2014.0,650000,70000.0,Diesel,Individual,Manual,2.0
2154,2013.0,195000,46000.0,Diesel,Individual,Manual,1.0
2155,2005.0,100000,60000.0,Diesel,Individual,Manual,2.0
2156,2006.0,90000,90000.0,Petrol,Individual,Manual,1.0
2157,2016.0,515000,50000.0,Diesel,Individual,Manual,1.0
2158,2017.0,700000,24585.0,Diesel,Dealer,Manual,0.0
2159,2001.0,62000,70000.0,Petrol,Individual,Manual,1.0
2160,2011.0,220000,110000.0,Diesel,Individual,Manual,3.0
2161,2019.0,520000,10000.0,CNG,Individual,Manual,1.0
2162,2010.0,170000,100000.0,Petrol,Individual,Manual,1.0
2163,2011.0,190000,110000.0,Diesel,Individual,Manual,2.0
2164,2011.0,150000,100000.0,Diesel,Individual,Manual,2.0
2165,2009.0,125000,65000.0,Petrol,Individual,Manual,1.0
2166,2015.0,290000,40000.0,Diesel,Individual,Manual,3.0
2167,2019.0,490000,13900.0,Petrol,Individual,Manual,1.0
2168,2017.0,434999,17563.0,Petrol,Individual,Manual,1.0
2169,2012.0,200000,60000.0,Diesel,Individual,Manual,2.0
2170,2016.0,495000,40000.0,Diesel,Individual,Manual,1.0
2171,2014.0,600000,151000.0,Diesel,Individual,Manual,2.0
2172,2015.0,300000,60000.0,Petrol,Individual,Manual,1.0
2173,2017.0,430000,15000.0,Petrol,Individual,Manual,1.0
2174,2017.0,370000,60000.0,Diesel,Individual,Manual,1.0
2175,2019.0,750000,11000.0,Petrol,Individual,Manual,1.0
2176,2016.0,300000,50000.0,CNG,Individual,Manual,1.0
2177,2012.0,700000,120000.0,Diesel,Individual,Automatic,2.0
2178,2007.0,100000,70000.0,LPG,Individual,Manual,3.0
2179,2015.0,300000,90000.0,Petrol,Individual,Manual,1.0
2180,2016.0,650000,40000.0,Diesel,Individual,Manual,1.0
2181,2017.0,509999,25000.0,Diesel,Individual,Manual,1.0
2182,2013.0,1000000,117780.0,Diesel,Individual,Manual,2.0
2183,2010.0,280000,120000.0,Diesel,Individual,Manual,2.0
2184,2017.0,600000,120000.0,Diesel,Individual,Manual,1.0
2185,2013.0,210000,120000.0,Diesel,Individual,Manual,3.0
2186,2014.0,1150000,110000.0,Diesel,Individual,Automatic,2.0
2187,2018.0,245000,30000.0,Petrol,Individual,Manual,1.0
2188,2016.0,375000,25000.0,Petrol,Individual,Manual,1.0
2189,2015.0,150000,55000.0,Diesel,Individual,Manual,2.0
2190,2014.0,500000,100000.0,Diesel,Individual,Manual,2.0
2191,2007.0,75000,40000.0,Petrol,Individual,Manual,2.0
2192,2006.0,225000,80000.0,Petrol,Individual,Automatic,3.0
2193,2006.0,275000,80000.0,Petrol,Individual,Automatic,4.0
2194,2018.0,620000,35000.0,Diesel,Individual,Manual,1.0
2195,2010.0,600000,110000.0,Diesel,Individual,Manual,2.0
2196,2011.0,275000,160000.0,Diesel,Individual,Manual,1.0
2197,2013.0,125000,125000.0,Diesel,Individual,Manual,1.0
2198,2011.0,80000,62000.0,Petrol,Individual,Manual,2.0
2199,2011.0,199000,120000.0,Diesel,Individual,Manual,2.0
2200,2016.0,440000,33000.0,Petrol,Individual,Manual,2.0
2201,2013.0,250000,80000.0,Diesel,Individual,Manual,4.0
2202,2017.0,700000,35000.0,Diesel,Individual,Manual,1.0
2203,2019.0,240000,5000.0,Petrol,Individual,Manual,1.0
2204,2016.0,650000,81595.0,Diesel,Dealer,Manual,1.0
2205,2005.0,71000,22000.0,Petrol,Individual,Manual,1.0
2206,2015.0,400000,40000.0,Petrol,Individual,Manual,1.0
2207,2008.0,130000,40000.0,Petrol,Individual,Manual,2.0
2208,2013.0,300000,60000.0,Diesel,Individual,Manual,2.0
2209,2019.0,1100000,4000.0,Diesel,Individual,Manual,1.0
2210,2018.0,800000,13500.0,Petrol,Dealer,Manual,1.0
2211,2013.0,490000,40000.0,Diesel,Individual,Manual,1.0
2212,2018.0,836000,9700.0,Petrol,Dealer,Manual,1.0
2213,2012.0,375000,62000.0,Petrol,Individual,Manual,2.0
2214,2009.0,35000,50000.0,Petrol,Individual,Manual,3.0
2215,2017.0,1068000,36000.0,Petrol,Dealer,Manual,1.0
2216,2017.0,1189000,40000.0,Diesel,Dealer,Manual,1.0
2217,2018.0,700000,27000.0,Petrol,Individual,Manual,1.0
2218,2016.0,350000,40000.0,Petrol,Individual,Manual,1.0
2219,2009.0,254999,80000.0,Petrol,Individual,Manual,2.0
2220,2016.0,750000,80000.0,Diesel,Individual,Manual,1.0
2221,2012.0,325000,119000.0,Diesel,Individual,Manual,2.0
2222,2017.0,509999,25000.0,Petrol,Individual,Automatic,1.0
2223,2013.0,363000,28740.0,Petrol,Individual,Manual,1.0
2224,2010.0,229999,48500.0,Petrol,Individual,Manual,1.0
2225,2012.0,290000,110000.0,Petrol,Individual,Manual,2.0
2226,2018.0,550000,30000.0,Petrol,Individual,Manual,1.0
2227,2011.0,125000,120000.0,Diesel,Individual,Manual,2.0
2228,2008.0,350000,140000.0,Diesel,Individual,Manual,2.0
2229,2011.0,390000,90000.0,Diesel,Individual,Manual,1.0
2230,2008.0,150000,50000.0,Petrol,Individual,Manual,2.0
2231,2015.0,280000,15000.0,Petrol,Individual,Manual,2.0
2232,2015.0,220000,45000.0,Petrol,Individual,Manual,1.0
2233,2005.0,140000,80000.0,Petrol,Individual,Manual,3.0
2234,2018.0,370000,15000.0,Petrol,Individual,Automatic,1.0
2235,2019.0,650000,20000.0,Diesel,Individual,Manual,1.0
2236,2017.0,280000,37000.0,Petrol,Individual,Manual,1.0
2237,2016.0,540000,80000.0,Diesel,Individual,Manual,1.0
2238,2002.0,50000,120000.0,Diesel,Individual,Manual,4.0
2239,2018.0,800000,20000.0,Petrol,Individual,Manual,1.0
2240,2016.0,515000,25000.0,Diesel,Individual,Manual,1.0
2241,2010.0,220000,96000.0,Petrol,Individual,Manual,3.0
2242,2014.0,525000,54000.0,Petrol,Dealer,Manual,2.0
2243,2013.0,165000,53000.0,Petrol,Dealer,Manual,1.0
2244,2010.0,221000,65000.0,Diesel,Dealer,Manual,1.0
2245,2015.0,245000,43000.0,Petrol,Dealer,Manual,1.0
2246,2012.0,260000,60000.0,Petrol,Dealer,Manual,1.0
2247,2011.0,550000,73000.0,Diesel,Dealer,Automatic,1.0
2248,2015.0,434999,29000.0,Petrol,Dealer,Manual,1.0
2249,2013.0,450000,95000.0,Diesel,Dealer,Manual,1.0
2250,2014.0,290000,25000.0,Petrol,Individual,Manual,1.0
2251,2011.0,305000,53000.0,Petrol,Dealer,Manual,2.0
2252,2011.0,265000,20000.0,Petrol,Dealer,Manual,1.0
2253,2014.0,325000,57000.0,Petrol,Dealer,Manual,1.0
2254,2014.0,550000,52000.0,Diesel,Dealer,Manual,1.0
2255,2008.0,105000,40000.0,Petrol,Individual,Manual,1.0
2256,2012.0,275000,47000.0,Petrol,Dealer,Manual,1.0
2257,2012.0,434999,47000.0,Petrol,Dealer,Manual,2.0
2258,2016.0,690000,73000.0,Diesel,Dealer,Manual,1.0
2259,2012.0,249000,42000.0,Petrol,Dealer,Manual,2.0
2260,2012.0,204999,60000.0,Petrol,Dealer,Manual,3.0
2261,2015.0,190000,120000.0,Petrol,Individual,Manual,1.0
2262,2012.0,150000,50000.0,Petrol,Individual,Manual,1.0
2263,2019.0,950000,11000.0,Petrol,Individual,Automatic,1.0
2264,2013.0,475000,80000.0,Petrol,Individual,Manual,1.0
2265,2013.0,450000,75000.0,Diesel,Individual,Manual,2.0
2266,2009.0,1200000,45000.0,Diesel,Individual,Automatic,3.0
2267,2014.0,300000,100000.0,Diesel,Individual,Manual,2.0
2268,2014.0,350000,60000.0,Diesel,Individual,Manual,2.0
2269,2011.0,229999,160000.0,Diesel,Individual,Manual,2.0
2270,2015.0,821000,50000.0,Petrol,Individual,Manual,1.0
2271,2014.0,200000,80000.0,Petrol,Individual,Manual,2.0
2272,2016.0,220000,60000.0,Petrol,Individual,Manual,2.0
2273,2015.0,459999,148620.0,Diesel,Dealer,Manual,1.0
2274,2012.0,310000,70000.0,Diesel,Individual,Manual,2.0
2275,2018.0,815000,42000.0,Diesel,Individual,Manual,1.0
2276,2017.0,1200000,40000.0,Diesel,Individual,Manual,1.0
2277,2011.0,170000,60000.0,Diesel,Individual,Manual,2.0
2278,2017.0,1000000,30000.0,Diesel,Individual,Manual,1.0
2279,2010.0,155000,90000.0,Petrol,Individual,Manual,4.0
2280,2017.0,400000,120000.0,Diesel,Individual,Manual,1.0
2281,2016.0,400000,80000.0,Diesel,Individual,Manual,2.0
2282,2010.0,250000,80000.0,Diesel,Individual,Manual,2.0
2283,2008.0,150000,50000.0,Petrol,Individual,Manual,3.0
2284,2009.0,130000,120000.0,Diesel,Individual,Automatic,2.0
2285,2014.0,325000,70000.0,Diesel,Individual,Automatic,1.0
2286,2010.0,290000,87620.0,Diesel,Dealer,Automatic,1.0
2287,2015.0,490000,60000.0,Petrol,Dealer,Manual,1.0
2288,2019.0,738000,8000.0,Petrol,Individual,Automatic,1.0
2289,2012.0,150000,110000.0,Diesel,Individual,Manual,1.0
2290,2011.0,280000,110000.0,Diesel,Individual,Manual,1.0
2291,2006.0,100000,120000.0,Petrol,Individual,Manual,2.0
2292,2008.0,150000,100000.0,Petrol,Individual,Manual,2.0
2293,2014.0,380000,100000.0,Diesel,Individual,Manual,2.0
2294,2006.0,90000,60000.0,Diesel,Individual,Manual,2.0
2295,2011.0,275000,60000.0,Diesel,Individual,Manual,2.0
2296,2009.0,180000,41090.0,Petrol,Individual,Manual,1.0
2297,2014.0,200000,40000.0,Petrol,Individual,Manual,1.0
2298,2011.0,500000,40000.0,Petrol,Individual,Manual,2.0
2299,2010.0,300000,70000.0,Petrol,Individual,Manual,2.0
2300,2015.0,765000,80000.0,Diesel,Individual,Manual,2.0
2301,2017.0,650000,90000.0,Diesel,Individual,Manual,1.0
2302,2017.0,380000,19000.0,Petrol,Individual,Manual,1.0
2303,2010.0,145000,68000.0,CNG,Individual,Manual,2.0
2304,2011.0,280000,120000.0,Diesel,Individual,Manual,2.0
2305,2014.0,254999,30000.0,Diesel,Individual,Manual,1.0
2306,2016.0,300000,90000.0,Petrol,Individual,Manual,2.0
2307,2015.0,480000,140000.0,Diesel,Individual,Manual,3.0
2308,2014.0,850000,44500.0,Petrol,Individual,Automatic,1.0
2309,2014.0,350000,52000.0,Diesel,Individual,Manual,2.0
2310,2016.0,650000,26000.0,Petrol,Individual,Manual,1.0
2311,2007.0,550000,80000.0,Petrol,Individual,Manual,2.0
2312,2015.0,300000,35000.0,Petrol,Individual,Manual,1.0
2313,2008.0,150000,60000.0,Petrol,Individual,Manual,2.0
2314,2014.0,300000,60000.0,Petrol,Individual,Manual,1.0
2315,2004.0,80000,58000.0,Petrol,Individual,Manual,1.0
2316,2011.0,180000,80000.0,Diesel,Individual,Manual,3.0
2317,2017.0,290000,20000.0,Diesel,Individual,Manual,1.0
2318,2009.0,110000,100000.0,Diesel,Individual,Manual,4.0
2319,2014.0,180000,56207.0,Petrol,Dealer,Manual,2.0
2320,2010.0,250000,40000.0,Diesel,Individual,Manual,1.0
2321,2015.0,425000,12000.0,Petrol,Individual,Manual,1.0
2322,2016.0,700000,35000.0,Diesel,Individual,Manual,1.0
2323,2010.0,130000,50000.0,Petrol,Individual,Manual,2.0
2324,2017.0,650000,67000.0,Diesel,Individual,Manual,1.0
2325,2013.0,400000,100000.0,Petrol,Individual,Manual,2.0
2326,2017.0,800000,60000.0,Diesel,Individual,Manual,1.0
2327,2017.0,675000,70000.0,Diesel,Individual,Manual,1.0
2328,2017.0,210000,50000.0,Petrol,Individual,Manual,4.0
2329,2009.0,150000,120000.0,Diesel,Individual,Manual,3.0
2330,2007.0,45000,100000.0,CNG,Individual,Manual,4.0
2331,2015.0,516000,90000.0,Petrol,Individual,Manual,1.0
2332,2014.0,450000,80000.0,Petrol,Individual,Manual,1.0
2333,2012.0,134000,90000.0,Petrol,Individual,Manual,2.0
2334,2014.0,509999,157000.0,Diesel,Individual,Manual,2.0
2335,2008.0,130000,80000.0,Petrol,Individual,Manual,4.0
2336,2015.0,575000,60000.0,Diesel,Individual,Manual,1.0
2337,2015.0,550000,49000.0,Petrol,Individual,Manual,1.0
2338,2009.0,145000,89255.0,Diesel,Individual,Manual,1.0
2339,2020.0,347000,5000.0,Petrol,Individual,Manual,1.0
2340,2013.0,275000,110000.0,Diesel,Individual,Manual,1.0
2341,2012.0,160000,90000.0,Diesel,Individual,Manual,2.0
2342,2010.0,150000,63000.0,Diesel,Individual,Manual,3.0
2343,2015.0,550000,60000.0,Petrol,Individual,Manual,1.0
2344,2013.0,349000,100000.0,Diesel,Individual,Manual,1.0
2345,2008.0,110000,90000.0,Diesel,Individual,Manual,3.0
2346,2008.0,110000,60000.0,Petrol,Individual,Manual,3.0
2347,2018.0,245000,5550.0,Petrol,Individual,Manual,2.0
2348,2014.0,180000,100000.0,Petrol,Individual,Manual,2.0
2349,2014.0,290000,80000.0,Petrol,Individual,Manual,2.0
2350,2010.0,150000,100000.0,Diesel,Individual,Manual,1.0
2351,2004.0,55000,35000.0,Petrol,Individual,Manual,3.0
2352,2006.0,500000,75000.0,Diesel,Individual,Manual,2.0
2353,2013.0,290000,150000.0,Diesel,Individual,Manual,4.0
2354,2009.0,72000,70000.0,Petrol,Individual,Manual,1.0
2355,2014.0,250000,115000.0,Diesel,Individual,Manual,1.0
2356,2019.0,575000,25000.0,Petrol,Individual,Automatic,1.0
2357,2019.0,425000,15000.0,Petrol,Individual,Manual,1.0
2358,2019.0,470000,10000.0,CNG,Individual,Manual,1.0
2359,2012.0,220000,80000.0,Petrol,Individual,Manual,3.0
2360,2020.0,310000,1700.0,Petrol,Individual,Manual,1.0
2361,2016.0,400000,45217.0,Diesel,Dealer,Manual,1.0
2362,2018.0,310000,20000.0,Petrol,Individual,Manual,1.0
2363,2017.0,750000,50000.0,Diesel,Individual,Manual,1.0
2364,2009.0,204999,120000.0,Diesel,Individual,Manual,2.0
2365,2012.0,180000,40000.0,Petrol,Individual,Manual,2.0
2366,2007.0,125000,110000.0,Diesel,Individual,Manual,2.0
2367,2014.0,420000,155000.0,Diesel,Individual,Manual,1.0
2368,2011.0,220000,70000.0,Petrol,Individual,Manual,2.0
2369,2010.0,200000,70000.0,Petrol,Individual,Manual,3.0
2370,2009.0,130000,100000.0,Diesel,Individual,Manual,3.0
2371,2016.0,335000,41000.0,Petrol,Dealer,Manual,1.0
2372,2011.0,434999,97000.0,Petrol,Dealer,Automatic,2.0
2373,2014.0,500000,60000.0,Petrol,Individual,Manual,1.0
2374,2017.0,290000,60000.0,Petrol,Individual,Manual,1.0
2375,2014.0,475000,48000.0,Petrol,Dealer,Automatic,2.0
2376,2019.0,600000,80000.0,Petrol,Individual,Manual,1.0
2377,2013.0,300000,70000.0,Diesel,Individual,Manual,2.0
2378,2012.0,415000,80000.0,Diesel,Individual,Manual,2.0
2379,2018.0,800000,30000.0,Diesel,Individual,Automatic,2.0
2380,2016.0,420000,44440.0,Petrol,Individual,Manual,2.0
2381,2011.0,270000,120000.0,Diesel,Individual,Manual,1.0
2382,2015.0,390000,80000.0,Diesel,Individual,Manual,2.0
2383,2010.0,850000,46000.0,Diesel,Individual,Automatic,1.0
2384,2012.0,359000,120000.0,Diesel,Individual,Automatic,3.0
2385,2015.0,470000,91365.0,Diesel,Dealer,Manual,1.0
2386,2013.0,360000,90010.0,Diesel,Dealer,Manual,2.0
2387,2013.0,250999,80000.0,Diesel,Individual,Manual,1.0
2388,2012.0,45000,35000.0,Petrol,Individual,Manual,2.0
2389,2006.0,75000,80000.0,Petrol,Individual,Manual,2.0
2390,2013.0,495000,31800.0,Diesel,Dealer,Manual,1.0
2391,2013.0,310000,59100.0,CNG,Dealer,Manual,1.0
2392,2016.0,540000,31200.0,Petrol,Dealer,Manual,1.0
2393,2016.0,665000,51000.0,Diesel,Dealer,Manual,1.0
2394,2013.0,425000,22700.0,Diesel,Dealer,Manual,2.0
2395,2016.0,675000,50900.0,Diesel,Dealer,Manual,1.0
2396,2018.0,980000,10000.0,Diesel,Individual,Manual,1.0
2397,2014.0,320000,60000.0,Diesel,Individual,Manual,1.0
2398,2011.0,250000,80000.0,Petrol,Individual,Manual,2.0
2399,2016.0,600000,72000.0,Diesel,Individual,Manual,1.0
2400,2016.0,300000,96000.0,Petrol,Individual,Manual,1.0
2401,2014.0,305000,66000.0,Diesel,Individual,Manual,1.0
2402,2009.0,106000,70000.0,Petrol,Individual,Manual,1.0
2403,2006.0,90000,75000.0,Diesel,Individual,Manual,3.0
2404,2019.0,539000,2417.0,Petrol,Individual,Manual,1.0
2405,2016.0,250000,30000.0,Petrol,Individual,Manual,2.0
2406,2018.0,707000,60000.0,Diesel,Individual,Manual,1.0
2407,2007.0,95000,120000.0,Petrol,Individual,Manual,4.0
2408,2020.0,495000,7000.0,CNG,Individual,Manual,1.0
2409,2012.0,200000,35000.0,Diesel,Individual,Manual,1.0
2410,2009.0,110000,110000.0,Petrol,Individual,Manual,4.0
2411,2008.0,100000,130000.0,Petrol,Individual,Manual,4.0
2412,2016.0,150000,25000.0,Petrol,Individual,Manual,2.0
2413,2005.0,50000,80000.0,Petrol,Individual,Manual,3.0
2414,2007.0,85000,70000.0,Petrol,Individual,Manual,2.0
2415,2018.0,475000,23000.0,Petrol,Individual,Manual,1.0
2416,2014.0,425000,40000.0,Petrol,Individual,Manual,1.0
2417,2006.0,480000,110000.0,Petrol,Individual,Automatic,2.0
2418,2019.0,950000,10000.0,Diesel,Individual,Manual,1.0
2419,2015.0,535000,80000.0,Diesel,Individual,Manual,1.0
2420,2009.0,325000,25000.0,Diesel,Individual,Manual,3.0
2421,2013.0,270000,74000.0,Petrol,Individual,Manual,3.0
2422,2015.0,300000,60000.0,Petrol,Individual,Manual,3.0
2423,2011.0,325000,70000.0,Diesel,Individual,Manual,1.0
2424,2010.0,350000,100000.0,Diesel,Individual,Manual,1.0
2425,2008.0,229999,146000.0,Diesel,Individual,Manual,3.0
2426,2012.0,325000,60000.0,Diesel,Individual,Manual,2.0
2427,2005.0,70000,70000.0,Petrol,Individual,Manual,2.0
2428,2008.0,190000,120000.0,Diesel,Individual,Manual,3.0
2429,2011.0,345000,65500.0,Diesel,Individual,Manual,1.0
2430,2016.0,1025000,70000.0,Diesel,Individual,Manual,1.0
2431,2012.0,120000,50000.0,Petrol,Individual,Manual,1.0
2432,2009.0,114999,90000.0,Petrol,Individual,Manual,2.0
2433,2009.0,300000,120000.0,Petrol,Individual,Manual,2.0
2434,2016.0,340000,56000.0,Petrol,Dealer,Manual,1.0
2435,2005.0,90000,70000.0,Petrol,Individual,Manual,2.0
2436,2006.0,150000,140300.0,Petrol,Individual,Manual,1.0
2437,2010.0,115999,70000.0,Petrol,Individual,Manual,1.0
2438,2014.0,750000,41988.0,Diesel,Dealer,Manual,1.0
2439,2017.0,350000,7658.0,Diesel,Dealer,Automatic,1.0
2440,2017.0,611000,60000.0,Diesel,Dealer,Manual,1.0
2441,2016.0,375000,23000.0,Petrol,Dealer,Manual,2.0
2442,2007.0,275000,10211.0,Petrol,Individual,Manual,1.0
2443,2005.0,120000,120000.0,Diesel,Individual,Manual,3.0
2444,2015.0,350000,120000.0,Diesel,Individual,Manual,1.0
2445,2017.0,409999,35000.0,Petrol,Individual,Manual,1.0
2446,2012.0,500000,130000.0,Diesel,Individual,Manual,1.0
2447,2013.0,220000,90000.0,Diesel,Individual,Manual,2.0
2448,2008.0,120000,80000.0,Petrol,Individual,Manual,2.0
2449,2007.0,70000,55000.0,Petrol,Individual,Manual,2.0
2450,2017.0,800000,15000.0,Petrol,Individual,Manual,1.0
2451,2012.0,525000,145000.0,Diesel,Individual,Manual,1.0
2452,2016.0,300000,35000.0,Petrol,Individual,Manual,1.0
2453,2008.0,195000,56000.0,Petrol,Individual,Manual,2.0
2454,2007.0,130000,98000.0,Diesel,Individual,Manual,2.0
2455,2011.0,300000,135000.0,Diesel,Individual,Manual,2.0
2456,2002.0,120000,60000.0,Petrol,Individual,Manual,3.0
2457,2010.0,450000,120000.0,Diesel,Individual,Manual,3.0
2458,2010.0,160000,102000.0,Diesel,Individual,Manual,2.0
2459,2013.0,100000,80000.0,Petrol,Individual,Manual,1.0
2460,2015.0,265000,32933.0,Petrol,Dealer,Manual,1.0
2461,2008.0,175000,54551.0,Petrol,Dealer,Manual,1.0
2462,2014.0,250999,57112.0,Petrol,Dealer,Manual,1.0
2463,2015.0,471000,41025.0,Petrol,Dealer,Automatic,1.0
2464,2019.0,650000,60000.0,Diesel,Individual,Manual,1.0
2465,2012.0,225000,53122.0,Petrol,Dealer,Manual,2.0
2466,2013.0,245000,64111.0,CNG,Dealer,Manual,1.0
2467,2011.0,221000,78892.0,Petrol,Dealer,Manual,1.0
2468,2011.0,271000,74113.0,Petrol,Dealer,Manual,1.0
2469,2012.0,290000,80000.0,Petrol,Dealer,Manual,1.0
2470,2017.0,525000,39000.0,Petrol,Dealer,Manual,1.0
2471,2012.0,377000,84775.0,Petrol,Dealer,Manual,1.0
2472,2012.0,95000,20778.0,Petrol,Dealer,Manual,1.0
2473,2015.0,763000,64441.0,Diesel,Dealer,Manual,1.0
2474,2015.0,450000,43192.0,Petrol,Dealer,Manual,1.0
2475,2014.0,140000,44416.0,Petrol,Dealer,Manual,1.0
2476,2016.0,701000,60000.0,Diesel,Dealer,Manual,1.0
2477,2011.0,277000,62601.0,Diesel,Dealer,Manual,2.0
2478,2018.0,520000,50000.0,Petrol,Individual,Automatic,1.0
2479,2017.0,550000,100000.0,Diesel,Individual,Manual,1.0
2480,2011.0,260000,60000.0,Diesel,Individual,Manual,3.0
2481,2015.0,420000,100000.0,Diesel,Individual,Manual,1.0
2482,2002.0,35000,100000.0,Petrol,Individual,Manual,3.0
2483,2018.0,1150000,20000.0,Diesel,Individual,Manual,1.0
2484,2017.0,680000,46000.0,Petrol,Individual,Manual,1.0
2485,2012.0,425000,40000.0,Diesel,Individual,Manual,1.0
2486,2014.0,450000,70000.0,Diesel,Individual,Manual,2.0
2487,2008.0,590000,89600.0,Diesel,Individual,Manual,3.0
2488,2017.0,936999,60800.0,Petrol,Individual,Manual,1.0
2489,2015.0,420000,104000.0,Diesel,Individual,Manual,2.0
2490,2014.0,450000,80000.0,Diesel,Individual,Manual,2.0
2491,2004.0,40000,69111.0,Petrol,Individual,Manual,3.0
2492,2014.0,520000,70000.0,Diesel,Individual,Manual,2.0
2493,2007.0,80000,120000.0,Petrol,Individual,Manual,1.0
2494,2014.0,55000,40000.0,Petrol,Individual,Manual,1.0
2495,2001.0,80000,100000.0,Diesel,Individual,Manual,3.0
2496,2019.0,210000,20000.0,Petrol,Individual,Manual,1.0
2497,2017.0,260000,50000.0,Diesel,Individual,Manual,1.0
2498,2016.0,250000,60000.0,Diesel,Individual,Manual,1.0
2499,2008.0,80000,90000.0,Diesel,Individual,Manual,1.0
2500,2010.0,450000,150000.0,Diesel,Individual,Manual,2.0
2501,2005.0,310000,120000.0,Diesel,Individual,Manual,2.0
2502,2014.0,500000,100000.0,Diesel,Individual,Manual,1.0
2503,2016.0,840000,70000.0,Diesel,Individual,Manual,1.0
2504,2015.0,1000000,3600.0,Diesel,Dealer,Manual,1.0
2505,2015.0,530000,14272.0,Petrol,Dealer,Manual,1.0
2506,2003.0,75000,57000.0,Petrol,Individual,Manual,1.0
2507,2013.0,280000,3240.0,Petrol,Individual,Manual,2.0
2508,2015.0,540000,60000.0,Petrol,Individual,Manual,1.0
2509,2014.0,350000,90000.0,Petrol,Individual,Manual,2.0
2510,2011.0,320000,100000.0,Diesel,Individual,Manual,1.0
2511,2016.0,475000,90000.0,Diesel,Individual,Manual,1.0
2512,2011.0,220000,140000.0,Diesel,Individual,Manual,2.0
2513,2014.0,60000,70000.0,Petrol,Individual,Manual,1.0
2514,2008.0,70000,60000.0,Petrol,Individual,Manual,1.0
2515,2015.0,281000,40000.0,Diesel,Individual,Manual,1.0
2516,2013.0,211000,80000.0,Diesel,Individual,Manual,1.0
2517,2018.0,550000,11000.0,Petrol,Individual,Manual,1.0
2518,2014.0,350000,110000.0,Diesel,Individual,Manual,1.0
2519,2017.0,420000,19890.0,Petrol,Dealer,Automatic,1.0
2520,2015.0,270000,20969.0,Petrol,Individual,Manual,1.0
2521,2016.0,399000,20194.0,Petrol,Dealer,Manual,1.0
2522,2016.0,440000,34982.0,Petrol,Dealer,Manual,1.0
2523,2012.0,250000,44588.0,Petrol,Dealer,Manual,1.0
2524,2016.0,650000,57904.0,Diesel,Dealer,Manual,1.0
2525,2015.0,270000,59258.0,Petrol,Dealer,Manual,1.0
2526,2016.0,390000,60826.0,Petrol,Dealer,Manual,1.0
2527,2014.0,225000,35000.0,Petrol,Individual,Manual,1.0
2528,2015.0,900000,110000.0,Diesel,Individual,Manual,2.0
2529,2019.0,800000,10000.0,Petrol,Individual,Manual,1.0
2530,2013.0,320000,50000.0,Diesel,Individual,Manual,1.0
2531,2018.0,740000,25000.0,Petrol,Individual,Manual,1.0
2532,2019.0,350000,1300.0,Petrol,Individual,Manual,1.0
2533,2014.0,280000,40000.0,Petrol,Individual,Manual,1.0
2534,2018.0,675000,50000.0,Diesel,Individual,Automatic,1.0
2535,2011.0,300000,20000.0,Petrol,Individual,Manual,1.0
2536,2011.0,400000,76000.0,Diesel,Individual,Manual,3.0
2537,2010.0,420000,100000.0,Diesel,Individual,Manual,3.0
2538,2008.0,300000,120000.0,Diesel,Individual,Manual,1.0
2539,2010.0,170000,70000.0,Petrol,Individual,Manual,1.0
2540,2015.0,600000,60000.0,Diesel,Individual,Manual,2.0
2541,2014.0,260000,38000.0,Petrol,Individual,Manual,2.0
2542,2015.0,82000,19000.0,Petrol,Individual,Manual,1.0
2543,2016.0,690000,75000.0,Diesel,Individual,Manual,1.0
2544,2015.0,300000,70000.0,Diesel,Individual,Manual,1.0
2545,2017.0,799000,31707.0,Diesel,Individual,Manual,1.0
2546,2014.0,190000,90000.0,Petrol,Individual,Manual,2.0
2547,2014.0,250000,30000.0,Diesel,Individual,Manual,1.0
2548,2009.0,200000,60000.0,Petrol,Individual,Manual,1.0
2549,2005.0,300000,90000.0,Diesel,Individual,Manual,2.0
2550,2015.0,250000,120000.0,Petrol,Individual,Manual,2.0
2551,2008.0,90000,70000.0,Petrol,Individual,Manual,3.0
2552,2016.0,700000,160000.0,Diesel,Individual,Manual,1.0
2553,2017.0,290000,110000.0,Petrol,Individual,Manual,2.0
2554,2014.0,1050000,97000.0,Diesel,Individual,Manual,2.0
2555,2008.0,70000,100000.0,Diesel,Individual,Manual,3.0
2556,2016.0,520000,41000.0,Diesel,Individual,Manual,1.0
2557,2012.0,150000,90000.0,Diesel,Individual,Manual,1.0
2558,2008.0,120000,90000.0,Petrol,Individual,Manual,1.0
2559,2010.0,150000,70000.0,Diesel,Individual,Manual,1.0
2560,2011.0,400000,60000.0,Petrol,Individual,Manual,1.0
2561,2015.0,310000,30000.0,Petrol,Individual,Manual,2.0
2562,2015.0,550000,30000.0,Petrol,Individual,Manual,1.0
2563,2016.0,550000,60000.0,Diesel,Individual,Manual,1.0
2564,2013.0,320000,73000.0,Diesel,Individual,Manual,1.0
2565,2017.0,700000,50000.0,Diesel,Individual,Manual,2.0
2566,2012.0,700000,110000.0,Diesel,Individual,Manual,2.0
2567,2017.0,655000,60000.0,Diesel,Dealer,Manual,1.0
2568,2011.0,200000,110000.0,LPG,Individual,Manual,1.0
2569,2012.0,375000,150000.0,Diesel,Individual,Manual,1.0
2570,2012.0,470000,109052.0,Diesel,Dealer,Manual,1.0
2571,2015.0,550000,90658.0,Diesel,Dealer,Manual,1.0
2572,2014.0,500000,110000.0,Diesel,Individual,Manual,2.0
2573,2015.0,210000,25000.0,Petrol,Individual,Manual,1.0
2574,2009.0,245000,75000.0,Diesel,Dealer,Automatic,1.0
2575,2017.0,700000,25552.0,Petrol,Dealer,Manual,2.0
2576,2017.0,350000,80000.0,Diesel,Individual,Manual,1.0
2577,2017.0,635000,25000.0,Petrol,Dealer,Automatic,1.0
2578,2012.0,325000,40700.0,Petrol,Individual,Manual,1.0
2579,2017.0,1150000,65500.0,Diesel,Dealer,Automatic,1.0
2580,2008.0,110000,42000.0,Petrol,Dealer,Manual,1.0
2581,2018.0,890000,8000.0,Petrol,Dealer,Manual,1.0
2582,2007.0,73000,80000.0,Petrol,Individual,Manual,2.0
2583,2016.0,750000,6000.0,Diesel,Dealer,Manual,1.0
2584,2018.0,690000,11174.0,Petrol,Dealer,Manual,1.0
2585,2008.0,130000,120000.0,Petrol,Individual,Manual,1.0
2586,2007.0,85000,85000.0,Petrol,Individual,Manual,2.0
2587,2013.0,325000,105000.0,Diesel,Individual,Manual,1.0
2588,2018.0,860000,30000.0,Diesel,Dealer,Manual,2.0
2589,2017.0,690000,41000.0,Diesel,Individual,Manual,1.0
2590,2013.0,650000,54000.0,Diesel,Dealer,Manual,1.0
2591,2014.0,375000,40000.0,Diesel,Individual,Manual,1.0
2592,2013.0,525000,71000.0,Diesel,Dealer,Manual,1.0
2593,2016.0,330000,72500.0,Petrol,Dealer,Manual,1.0
2594,2013.0,280000,76600.0,Petrol,Individual,Manual,1.0
2595,2014.0,470000,60000.0,Petrol,Individual,Manual,1.0
2596,2011.0,350000,110000.0,Diesel,Individual,Manual,1.0
2597,2012.0,480000,63000.0,Petrol,Dealer,Manual,1.0
2598,2016.0,620000,60000.0,Diesel,Individual,Manual,1.0
2599,2014.0,250000,58000.0,Petrol,Individual,Manual,1.0
2600,2010.0,78692,80000.0,Petrol,Individual,Manual,2.0
2601,2012.0,350000,80000.0,Diesel,Individual,Manual,1.0
2602,2013.0,250000,70000.0,Petrol,Individual,Manual,2.0
2603,2011.0,260000,97700.0,Petrol,Individual,Manual,4.0
2604,2016.0,640000,36000.0,Diesel,Individual,Manual,2.0
2605,2008.0,220000,90000.0,Diesel,Individual,Manual,2.0
2606,2015.0,465000,130000.0,Diesel,Individual,Manual,1.0
2607,2018.0,425000,15000.0,Petrol,Individual,Manual,1.0
2608,2008.0,95000,120000.0,Petrol,Individual,Manual,3.0
2609,2016.0,229999,37500.0,Petrol,Individual,Manual,2.0
2610,2007.0,479000,145000.0,Petrol,Individual,Manual,3.0
2611,2016.0,340000,30000.0,Petrol,Individual,Manual,1.0
2612,2016.0,620000,35000.0,Petrol,Individual,Manual,1.0
2613,2012.0,270000,60000.0,Diesel,Individual,Manual,1.0
2614,2018.0,400000,35000.0,Diesel,Individual,Manual,1.0
2615,2015.0,260000,40000.0,Petrol,Individual,Manual,1.0
2616,2003.0,48000,50000.0,Petrol,Individual,Manual,4.0
2617,2015.0,100000,23800.0,Petrol,Individual,Manual,2.0
2618,2015.0,490000,70000.0,Diesel,Individual,Manual,1.0
2619,2010.0,120000,90000.0,LPG,Individual,Manual,2.0
2620,2008.0,125000,102000.0,Petrol,Individual,Manual,2.0
2621,2019.0,190000,5000.0,Petrol,Individual,Manual,1.0
2622,2008.0,400000,35000.0,Petrol,Individual,Manual,2.0
2623,2011.0,500000,20000.0,Petrol,Individual,Manual,1.0
2624,2008.0,320000,90000.0,Petrol,Individual,Manual,1.0
2625,2007.0,250000,47000.0,Petrol,Dealer,Automatic,1.0
2626,2010.0,105000,90000.0,Diesel,Individual,Manual,3.0
2627,2019.0,600000,1100.0,Petrol,Individual,Automatic,1.0
2628,2020.0,210000,40000.0,Petrol,Individual,Manual,1.0
2629,2012.0,210000,15000.0,Petrol,Individual,Manual,1.0
2630,2009.0,150000,40000.0,Petrol,Individual,Manual,1.0
2631,2008.0,125000,60000.0,Petrol,Individual,Manual,1.0
2632,2016.0,380000,20000.0,Petrol,Individual,Manual,1.0
2633,2019.0,600000,5000.0,Petrol,Individual,Manual,1.0
2634,2016.0,490000,27000.0,Petrol,Individual,Manual,1.0
2635,2018.0,545000,38000.0,Diesel,Individual,Manual,2.0
2636,2015.0,250000,25000.0,Petrol,Individual,Manual,1.0
2637,2020.0,1050000,1100.0,Petrol,Individual,Manual,1.0
2638,2007.0,100000,100000.0,Petrol,Individual,Manual,1.0
2639,2014.0,250000,100000.0,Diesel,Individual,Manual,2.0
2640,2007.0,100000,110000.0,Petrol,Individual,Manual,1.0
2641,2016.0,350000,60000.0,Diesel,Individual,Manual,2.0
2642,2012.0,370000,70000.0,Diesel,Individual,Manual,2.0
2643,2004.0,121000,110000.0,Petrol,Individual,Manual,2.0
2644,2017.0,570000,44077.0,Petrol,Dealer,Automatic,1.0
2645,2017.0,785000,24000.0,Diesel,Individual,Manual,1.0
2646,2018.0,850000,30000.0,Diesel,Individual,Manual,1.0
2647,2016.0,375000,30000.0,Petrol,Individual,Manual,2.0
2648,2017.0,619000,40000.0,Petrol,Individual,Manual,1.0
2649,2011.0,335000,90000.0,Diesel,Individual,Manual,2.0
2650,2006.0,500000,50000.0,Diesel,Individual,Manual,1.0
2651,2003.0,60000,100000.0,Petrol,Individual,Manual,2.0
2652,2013.0,270000,70000.0,Diesel,Individual,Manual,2.0
2653,2010.0,225000,100000.0,Petrol,Individual,Manual,2.0
2654,2011.0,150000,160000.0,Petrol,Individual,Manual,2.0
2655,2013.0,173000,70000.0,Diesel,Individual,Manual,1.0
2656,2017.0,710000,110000.0,Diesel,Individual,Automatic,1.0
2657,2017.0,550000,20000.0,Petrol,Individual,Manual,1.0
2658,2008.0,58000,70000.0,Petrol,Individual,Manual,2.0
2659,2012.0,1200000,60000.0,Petrol,Individual,Automatic,3.0
2660,2013.0,500000,150000.0,Diesel,Individual,Manual,1.0
2661,2009.0,120000,83000.0,Petrol,Individual,Manual,2.0
2662,2018.0,300000,30000.0,Petrol,Individual,Manual,1.0
2663,2015.0,295000,21000.0,Petrol,Individual,Manual,1.0
2664,2018.0,587000,80000.0,CNG,Individual,Manual,1.0
2665,2012.0,430000,50000.0,Petrol,Individual,Manual,2.0
2666,2007.0,123000,50000.0,Petrol,Individual,Manual,2.0
2667,2012.0,450000,48500.0,Diesel,Individual,Automatic,2.0
2668,2007.0,130000,60000.0,Petrol,Individual,Manual,3.0
2669,2010.0,110000,90000.0,Diesel,Individual,Manual,2.0
2670,2015.0,320000,70000.0,Petrol,Individual,Manual,2.0
2671,2014.0,300000,50000.0,Diesel,Individual,Manual,1.0
2672,2016.0,350000,110000.0,Petrol,Individual,Manual,1.0
2673,2018.0,800000,50000.0,Petrol,Individual,Manual,1.0
2674,2017.0,540000,60000.0,Petrol,Individual,Manual,1.0
2675,2011.0,160000,60000.0,CNG,Individual,Manual,2.0
2676,2013.0,340000,100000.0,Diesel,Individual,Manual,2.0
2677,2017.0,350000,40000.0,Petrol,Individual,Manual,2.0
2678,2011.0,300000,100000.0,Diesel,Individual,Manual,1.0
2679,2013.0,330000,63000.0,Diesel,Individual,Manual,1.0
2680,2016.0,325000,80000.0,CNG,Individual,Manual,2.0
2681,2013.0,250000,55000.0,Diesel,Individual,Manual,1.0
2682,2015.0,240000,60000.0,Petrol,Individual,Manual,1.0
2683,2020.0,545000,5000.0,Petrol,Individual,Manual,1.0
2684,2015.0,300000,48000.0,Petrol,Dealer,Manual,1.0
2685,2014.0,240000,50000.0,Petrol,Individual,Manual,1.0
2686,2018.0,360000,15000.0,Petrol,Individual,Manual,1.0
2687,2012.0,250000,70000.0,Diesel,Individual,Manual,1.0
2688,2019.0,475000,105000.0,Diesel,Dealer,Automatic,1.0
2689,2016.0,600000,50000.0,Diesel,Individual,Manual,2.0
2690,2010.0,150000,80000.0,Diesel,Individual,Manual,2.0
2691,2017.0,700000,50000.0,Diesel,Individual,Manual,1.0
2692,2018.0,500000,10000.0,Petrol,Individual,Automatic,1.0
2693,2012.0,193000,45000.0,Petrol,Individual,Manual,2.0
2694,2015.0,800000,10000.0,Petrol,Individual,Manual,1.0
2695,2008.0,150000,50000.0,Petrol,Individual,Manual,1.0
2696,2002.0,80000,40000.0,Petrol,Individual,Manual,4.0
2697,2010.0,130000,100000.0,Diesel,Individual,Manual,3.0
2698,2012.0,280000,80000.0,Diesel,Individual,Manual,2.0
2699,2011.0,229999,110000.0,Diesel,Individual,Manual,2.0
2700,2008.0,80000,120000.0,Petrol,Individual,Manual,1.0
2701,2010.0,70000,10000.0,Petrol,Individual,Manual,1.0
2702,2013.0,240000,60000.0,Diesel,Individual,Manual,2.0
2703,2010.0,380000,72000.0,Diesel,Individual,Manual,2.0
2704,2006.0,80000,110000.0,Petrol,Individual,Manual,1.0
2705,2013.0,265000,50000.0,Petrol,Individual,Manual,1.0
2706,2018.0,320000,25000.0,Petrol,Individual,Manual,1.0
2707,2014.0,500000,120000.0,Diesel,Individual,Manual,3.0
2708,2014.0,600000,80000.0,Diesel,Individual,Manual,2.0
2709,2018.0,420000,80000.0,Petrol,Individual,Manual,1.0
2710,2010.0,300000,100000.0,Diesel,Individual,Manual,2.0
2711,2006.0,100000,60000.0,Petrol,Dealer,Manual,2.0
2712,2017.0,350000,25000.0,Petrol,Dealer,Manual,1.0
2713,2018.0,850000,19000.0,Petrol,Individual,Manual,1.0
2714,2008.0,140000,54000.0,Petrol,Dealer,Manual,1.0
2715,2015.0,550000,17100.0,Petrol,Dealer,Manual,2.0
2716,2017.0,525000,19000.0,Petrol,Dealer,Automatic,1.0
2717,2015.0,470000,146000.0,Diesel,Dealer,Manual,1.0
2718,2013.0,900000,98000.0,Diesel,Dealer,Automatic,1.0
2719,2017.0,800000,50000.0,Diesel,Individual,Manual,1.0
2720,2017.0,250000,15000.0,Petrol,Individual,Manual,1.0
2721,2018.0,700000,25000.0,Petrol,Individual,Automatic,1.0
2722,2019.0,800000,25000.0,Diesel,Individual,Manual,1.0
2723,2013.0,660000,60000.0,Diesel,Individual,Manual,1.0
2724,2015.0,465000,60000.0,Diesel,Individual,Manual,3.0
2725,2017.0,600000,66000.0,Diesel,Individual,Manual,3.0
2726,2010.0,150000,110000.0,Petrol,Individual,Manual,1.0
2727,2014.0,450000,78000.0,Diesel,Individual,Manual,2.0
2728,2019.0,721000,10000.0,Petrol,Individual,Manual,1.0
2729,2016.0,300000,60000.0,Petrol,Individual,Manual,1.0
2730,2017.0,545000,40000.0,Diesel,Individual,Manual,1.0
2731,2018.0,844999,20000.0,Diesel,Individual,Manual,1.0
2732,2016.0,700000,93000.0,Diesel,Individual,Manual,1.0
2733,2016.0,650000,159000.0,Diesel,Individual,Manual,1.0
2734,2014.0,525000,75000.0,Diesel,Individual,Manual,2.0
2735,2006.0,110000,101100.0,Diesel,Individual,Manual,3.0
2736,2011.0,180000,66000.0,Diesel,Individual,Manual,1.0
2737,2012.0,280000,30000.0,Petrol,Individual,Manual,2.0
2738,2019.0,400000,10000.0,Petrol,Individual,Manual,1.0
2739,2012.0,625000,126000.0,Diesel,Individual,Manual,2.0
2740,2015.0,535000,70000.0,Diesel,Individual,Manual,1.0
2741,2017.0,459999,50000.0,Diesel,Individual,Manual,1.0
2742,2010.0,300000,100000.0,Diesel,Individual,Manual,1.0
2743,2007.0,280000,60000.0,Petrol,Individual,Automatic,1.0
2744,2014.0,500000,70000.0,Petrol,Individual,Manual,1.0
2745,2019.0,1200000,1200.0,Petrol,Individual,Manual,1.0
2746,2016.0,300000,40000.0,Petrol,Individual,Manual,1.0
2747,2011.0,180000,134444.0,Petrol,Individual,Automatic,2.0
2748,2009.0,78000,120000.0,Petrol,Individual,Manual,2.0
2749,2011.0,160000,120000.0,Diesel,Individual,Manual,1.0
2750,2008.0,110000,100000.0,Petrol,Individual,Manual,2.0
2751,2011.0,450000,110000.0,Diesel,Individual,Manual,2.0
2752,2003.0,120000,165000.0,Petrol,Individual,Manual,2.0
2753,2018.0,1040000,42000.0,Diesel,Individual,Manual,1.0
2754,2014.0,390000,70000.0,Diesel,Individual,Manual,2.0
2755,2011.0,65000,60000.0,Petrol,Individual,Manual,2.0
2756,2013.0,320000,115000.0,Diesel,Individual,Manual,3.0
2757,2017.0,720000,70000.0,Diesel,Individual,Manual,1.0
2758,2007.0,220000,80000.0,Petrol,Individual,Manual,2.0
2759,2011.0,225000,65000.0,Diesel,Dealer,Manual,1.0
2760,2010.0,200000,150000.0,Diesel,Individual,Manual,2.0
2761,2015.0,434999,75000.0,Diesel,Dealer,Manual,2.0
2762,2012.0,300000,63700.0,Diesel,Individual,Manual,1.0
2763,2018.0,700000,74800.0,Diesel,Individual,Manual,1.0
2764,2009.0,500000,105000.0,Diesel,Individual,Manual,1.0
2765,2016.0,500000,40000.0,Diesel,Individual,Manual,1.0
2766,2016.0,400000,90000.0,Diesel,Individual,Manual,2.0
2767,2015.0,825000,75000.0,Diesel,Dealer,Manual,2.0
2768,2018.0,720000,60000.0,Diesel,Individual,Manual,1.0
2769,2009.0,110000,30000.0,Petrol,Individual,Manual,2.0
2770,2014.0,600000,100000.0,Diesel,Individual,Manual,2.0
2771,2009.0,275000,155000.0,Diesel,Individual,Automatic,3.0
2772,2017.0,740000,60000.0,Diesel,Individual,Manual,1.0
2773,2017.0,800000,90000.0,Diesel,Individual,Manual,1.0
2774,2019.0,1100000,100000.0,Diesel,Individual,Manual,1.0
2775,2012.0,750000,60000.0,Diesel,Individual,Automatic,2.0
2776,2009.0,210000,75000.0,Diesel,Individual,Manual,1.0
2777,2009.0,270000,120000.0,Diesel,Individual,Manual,2.0
2778,2016.0,630000,90000.0,Diesel,Individual,Manual,2.0
2779,2015.0,375000,55000.0,Petrol,Individual,Manual,1.0
2780,2010.0,300000,70000.0,Diesel,Individual,Manual,1.0
2781,2016.0,580000,95000.0,Diesel,Individual,Manual,2.0
2782,2016.0,750000,50000.0,Diesel,Individual,Manual,1.0
2783,2014.0,250000,60516.0,Petrol,Individual,Manual,1.0
2784,2007.0,900000,76731.0,Diesel,Dealer,Automatic,1.0
2785,2016.0,685000,64000.0,Diesel,Dealer,Manual,1.0
2786,2014.0,540000,65000.0,Diesel,Dealer,Manual,1.0
2787,2018.0,1165000,13000.0,Petrol,Dealer,Automatic,0.0
2788,2014.0,610000,77000.0,Diesel,Dealer,Manual,1.0
2789,2011.0,254999,24000.0,Petrol,Dealer,Manual,1.0
2790,2014.0,280000,63840.0,Petrol,Dealer,Manual,1.0
2791,2017.0,370000,25000.0,Petrol,Individual,Manual,1.0
2792,2011.0,459999,76400.0,Diesel,Individual,Manual,2.0
2793,2011.0,190000,80000.0,Diesel,Individual,Manual,3.0
2794,2010.0,165000,60000.0,Petrol,Individual,Manual,4.0
2795,2017.0,710000,40000.0,Diesel,Individual,Manual,1.0
2796,2018.0,1200000,15000.0,Petrol,Individual,Manual,1.0
2797,2011.0,229999,70000.0,Petrol,Individual,Manual,1.0
2798,2018.0,310000,15000.0,Petrol,Individual,Manual,1.0
2799,2015.0,320000,40000.0,Petrol,Individual,Manual,1.0
2800,2006.0,100000,54000.0,Petrol,Individual,Manual,1.0
2801,2009.0,160000,90000.0,Diesel,Individual,Manual,1.0
2802,2007.0,60000,52000.0,Petrol,Individual,Manual,1.0
2803,2016.0,350000,35000.0,Diesel,Individual,Manual,2.0
2804,2017.0,300000,31489.0,Petrol,Individual,Manual,1.0
2805,2018.0,830000,40000.0,Diesel,Individual,Manual,1.0
2806,2010.0,229999,70000.0,Petrol,Individual,Manual,1.0
2807,2013.0,400000,100000.0,Diesel,Individual,Manual,1.0
2808,2005.0,300000,70000.0,Petrol,Individual,Manual,2.0
2809,2013.0,300000,50000.0,Diesel,Individual,Manual,1.0
2810,2008.0,80000,50000.0,Petrol,Individual,Manual,2.0
2811,2018.0,700000,26000.0,Petrol,Individual,Automatic,1.0
2812,2016.0,975000,65000.0,Diesel,Individual,Manual,1.0
2813,2009.0,500000,130000.0,Diesel,Individual,Manual,1.0
2814,2013.0,550000,75000.0,Diesel,Individual,Manual,2.0
2815,2014.0,550000,110000.0,Diesel,Individual,Manual,2.0
2816,2009.0,120000,80000.0,Petrol,Individual,Manual,2.0
2817,2013.0,900000,60000.0,Petrol,Individual,Manual,2.0
2818,2017.0,280000,36000.0,Petrol,Individual,Manual,1.0
2819,2010.0,85000,87000.0,Diesel,Individual,Manual,1.0
2820,2011.0,90000,80000.0,Diesel,Individual,Manual,1.0
2821,2015.0,500000,50000.0,Diesel,Individual,Manual,1.0
2822,2015.0,250000,50000.0,Petrol,Individual,Manual,1.0
2823,2014.0,185000,40000.0,Diesel,Individual,Manual,3.0
2824,2008.0,100000,60000.0,Petrol,Individual,Manual,2.0
2825,2015.0,610000,55000.0,Diesel,Individual,Manual,1.0
2826,2012.0,290000,80000.0,Diesel,Individual,Manual,1.0
2827,2015.0,225000,80000.0,Petrol,Individual,Manual,1.0
2828,2017.0,320000,50000.0,Petrol,Individual,Manual,2.0
2829,2012.0,135000,158000.0,Diesel,Individual,Manual,3.0
2830,2018.0,360000,4000.0,Petrol,Individual,Manual,1.0
2831,2016.0,600000,19495.0,Petrol,Dealer,Manual,1.0
2832,2013.0,570000,62668.0,Diesel,Dealer,Manual,1.0
2833,2013.0,850000,85710.0,Diesel,Dealer,Manual,1.0
2834,2011.0,250000,55130.0,Diesel,Dealer,Manual,2.0
2835,2014.0,580000,63356.0,Diesel,Dealer,Manual,2.0
2836,2010.0,180000,15000.0,Petrol,Individual,Manual,1.0
2837,2017.0,300000,50000.0,Petrol,Individual,Manual,1.0
2838,2012.0,269000,70000.0,Petrol,Individual,Manual,2.0
2839,2014.0,231999,20000.0,Petrol,Individual,Manual,1.0
2840,2011.0,150000,60000.0,Petrol,Individual,Manual,3.0
2841,2017.0,495000,5000.0,Petrol,Individual,Manual,1.0
2842,2014.0,700000,15000.0,Petrol,Individual,Manual,1.0
2843,2018.0,400000,4400.0,Petrol,Individual,Manual,2.0
2844,2019.0,599000,15000.0,Diesel,Individual,Manual,3.0
2845,2013.0,421000,45000.0,Diesel,Individual,Manual,1.0
2846,2018.0,841000,1000.0,Diesel,Individual,Manual,1.0
2847,2014.0,295000,38500.0,Petrol,Individual,Manual,1.0
2848,2011.0,220000,25000.0,Petrol,Individual,Manual,1.0
2849,2013.0,250000,35000.0,Diesel,Individual,Manual,1.0
2850,2009.0,1100000,110000.0,Diesel,Individual,Manual,2.0
2851,2012.0,300000,40000.0,Petrol,Individual,Manual,1.0
2852,2007.0,80000,110000.0,Petrol,Individual,Manual,2.0
2853,2013.0,215000,20000.0,Diesel,Individual,Manual,3.0
2854,2012.0,245000,14987.0,Petrol,Dealer,Manual,1.0
2855,2016.0,650000,25061.0,Diesel,Dealer,Manual,1.0
2856,2017.0,760000,42494.0,Diesel,Dealer,Manual,1.0
2857,2014.0,395000,44875.0,Diesel,Dealer,Manual,1.0
2858,2014.0,280000,89741.0,Diesel,Dealer,Manual,2.0
2859,2016.0,495000,65000.0,Diesel,Dealer,Manual,1.0
2860,2016.0,525000,35000.0,Diesel,Dealer,Manual,1.0
2861,2010.0,210000,34500.0,Diesel,Individual,Manual,1.0
2862,2018.0,650000,30000.0,Petrol,Individual,Manual,1.0
2863,2019.0,525000,16000.0,Diesel,Individual,Manual,1.0
2864,2010.0,195000,80000.0,CNG,Individual,Manual,2.0
2865,2016.0,650000,60000.0,Diesel,Individual,Manual,1.0
2866,2015.0,540000,110000.0,Diesel,Individual,Manual,1.0
2867,2014.0,180000,61000.0,Petrol,Individual,Manual,1.0
2868,2017.0,750000,60000.0,Diesel,Individual,Manual,1.0
2869,2018.0,980000,50000.0,Diesel,Individual,Manual,1.0
2870,2014.0,250000,90000.0,Diesel,Individual,Manual,1.0
2871,2018.0,550000,35000.0,Petrol,Individual,Automatic,1.0
2872,2015.0,509999,43000.0,Petrol,Individual,Manual,2.0
2873,2017.0,320000,50000.0,Petrol,Individual,Manual,1.0
2874,2016.0,275000,25000.0,Petrol,Individual,Manual,1.0
2875,2009.0,145000,50000.0,Petrol,Individual,Manual,2.0
2876,2013.0,250000,80000.0,Diesel,Individual,Manual,1.0
2877,2012.0,520000,35000.0,Diesel,Individual,Manual,1.0
2878,2011.0,725000,110000.0,Diesel,Individual,Manual,3.0
2879,2006.0,55000,70000.0,Petrol,Individual,Manual,2.0
2880,2014.0,600000,100000.0,Diesel,Individual,Manual,1.0
2881,2013.0,330000,120000.0,Diesel,Individual,Manual,2.0
2882,2015.0,470000,89000.0,Diesel,Individual,Manual,1.0
2883,2013.0,365000,120000.0,Diesel,Individual,Manual,1.0
2884,2013.0,250000,40000.0,Petrol,Individual,Manual,2.0
2885,2017.0,430000,17000.0,Petrol,Individual,Manual,1.0
2886,2013.0,400000,125000.0,Diesel,Individual,Manual,2.0
2887,2015.0,615000,110000.0,Petrol,Individual,Manual,2.0
2888,2011.0,150000,120000.0,Diesel,Individual,Manual,2.0
2889,2014.0,800000,90000.0,Diesel,Individual,Manual,1.0
2890,2015.0,240000,110000.0,LPG,Individual,Manual,1.0
2891,2014.0,600000,87000.0,Diesel,Individual,Manual,2.0
2892,2014.0,800000,15000.0,Diesel,Individual,Manual,1.0
2893,2012.0,350000,38000.0,Petrol,Individual,Manual,1.0
2894,2011.0,300000,64000.0,Petrol,Individual,Manual,2.0
2895,2015.0,399000,60000.0,Diesel,Individual,Manual,1.0
2896,2011.0,300000,110000.0,Diesel,Individual,Manual,1.0
2897,2012.0,150000,70000.0,Petrol,Individual,Automatic,1.0
2898,2010.0,320000,60000.0,Diesel,Individual,Manual,3.0
2899,2017.0,300000,13000.0,Petrol,Individual,Manual,2.0
2900,2016.0,1000000,60000.0,Diesel,Individual,Manual,1.0
2901,2012.0,1090000,120000.0,Diesel,Individual,Manual,2.0
2902,2012.0,450000,97000.0,Diesel,Individual,Manual,1.0
2903,2007.0,60000,130000.0,Petrol,Individual,Manual,2.0
2904,2013.0,500000,50000.0,Petrol,Individual,Manual,1.0
2905,2012.0,200000,120000.0,Diesel,Individual,Manual,2.0
2906,2006.0,60000,100000.0,Petrol,Individual,Manual,2.0
2907,2012.0,185000,67000.0,CNG,Dealer,Manual,2.0
2908,2015.0,155000,60000.0,Petrol,Individual,Manual,1.0
2909,2016.0,300000,20000.0,Petrol,Individual,Manual,1.0
2910,2018.0,850000,12500.0,Petrol,Individual,Manual,1.0
2911,2019.0,470000,4000.0,CNG,Individual,Manual,1.0
2912,2019.0,600000,25000.0,Petrol,Individual,Manual,1.0
2913,2013.0,700000,60000.0,Diesel,Individual,Manual,2.0
2914,2007.0,70000,162000.0,LPG,Individual,Manual,1.0
2915,2008.0,650000,70000.0,Petrol,Individual,Automatic,3.0
2916,2018.0,450000,70000.0,Diesel,Individual,Manual,2.0
2917,2014.0,750000,100000.0,Diesel,Individual,Manual,2.0
2918,2013.0,775000,70000.0,Diesel,Individual,Manual,2.0
2919,2015.0,360000,80000.0,Petrol,Individual,Manual,2.0
2920,2010.0,250000,120000.0,Diesel,Individual,Manual,1.0
2921,2013.0,600000,80000.0,Diesel,Individual,Manual,1.0
2922,2010.0,120000,90000.0,Petrol,Individual,Manual,1.0
2923,2012.0,320000,140000.0,Diesel,Individual,Manual,2.0
2924,2011.0,400000,120000.0,Diesel,Individual,Manual,2.0
2925,2015.0,302000,60000.0,Diesel,Individual,Manual,1.0
2926,2014.0,150000,60000.0,Petrol,Individual,Manual,2.0
2927,2012.0,200000,90000.0,Diesel,Individual,Manual,2.0
2928,2017.0,620000,65000.0,Petrol,Individual,Manual,1.0
2929,2012.0,449000,90000.0,Diesel,Individual,Manual,1.0
2930,2007.0,100000,70000.0,Petrol,Individual,Manual,1.0
2931,2018.0,600000,2500.0,Petrol,Individual,Manual,1.0
2932,2012.0,250000,40000.0,Diesel,Individual,Manual,1.0
2933,2018.0,550000,63000.0,Petrol,Individual,Manual,1.0
2934,2013.0,675000,60000.0,Diesel,Dealer,Automatic,1.0
2935,2015.0,530000,60000.0,Diesel,Dealer,Manual,1.0
2936,2014.0,360000,70000.0,Diesel,Individual,Manual,1.0
2937,2012.0,650000,60000.0,Petrol,Dealer,Automatic,1.0
2938,2012.0,199000,92000.0,Diesel,Dealer,Manual,3.0
2939,2014.0,285000,89126.0,Diesel,Individual,Manual,1.0
2940,2009.0,260000,134000.0,Diesel,Individual,Automatic,1.0
2941,2019.0,869999,15000.0,Petrol,Dealer,Automatic,1.0
2942,2016.0,425000,42500.0,Diesel,Dealer,Manual,1.0
2943,2012.0,490000,42000.0,Diesel,Dealer,Automatic,1.0
2944,2015.0,750000,60000.0,Diesel,Individual,Automatic,2.0
2945,2004.0,125000,110000.0,Petrol,Individual,Manual,3.0
2946,2014.0,221000,131365.0,Diesel,Individual,Manual,1.0
2947,2016.0,724000,48980.0,Diesel,Dealer,Automatic,1.0
2948,2014.0,440000,46000.0,Petrol,Dealer,Automatic,1.0
2949,2009.0,70000,60000.0,Petrol,Individual,Manual,3.0
2950,2015.0,511000,60000.0,Diesel,Dealer,Manual,1.0
2951,2016.0,790000,22000.0,Diesel,Dealer,Manual,1.0
2952,2017.0,640000,60000.0,Petrol,Individual,Manual,1.0
2953,2009.0,120000,70000.0,Petrol,Individual,Manual,4.0
2954,2012.0,126000,98900.0,Diesel,Individual,Manual,3.0
2955,2012.0,120000,125000.0,Diesel,Individual,Manual,1.0
2956,2017.0,650000,60000.0,Diesel,Individual,Manual,1.0
2957,2014.0,450000,80000.0,Petrol,Individual,Manual,2.0
2958,2010.0,110000,80000.0,CNG,Individual,Manual,4.0
2959,2012.0,620000,80000.0,Diesel,Individual,Manual,2.0
2960,2014.0,600000,30000.0,Diesel,Individual,Manual,1.0
2961,2018.0,795000,35000.0,Diesel,Individual,Manual,1.0
2962,2015.0,495000,60000.0,Diesel,Individual,Manual,1.0
2963,2014.0,350000,145000.0,Diesel,Individual,Manual,1.0
2964,2018.0,300000,60000.0,Petrol,Individual,Automatic,1.0
2965,2018.0,500000,70000.0,Diesel,Individual,Manual,1.0
2966,2014.0,345000,58000.0,Petrol,Dealer,Manual,1.0
2967,2013.0,220000,100000.0,Diesel,Individual,Manual,1.0
2968,2017.0,585000,14000.0,Petrol,Dealer,Manual,1.0
2969,2018.0,625000,13800.0,Petrol,Individual,Automatic,1.0
2970,2017.0,1035000,23000.0,Petrol,Dealer,Automatic,1.0
2971,2017.0,600000,99700.0,Diesel,Individual,Manual,1.0
2972,2014.0,650000,49654.0,Diesel,Dealer,Manual,1.0
2973,2016.0,550000,45457.0,Petrol,Dealer,Manual,1.0
2974,2016.0,660000,48220.0,Petrol,Dealer,Manual,1.0
2975,2017.0,700000,11114.0,Petrol,Dealer,Manual,1.0
2976,2008.0,235000,60000.0,Diesel,Dealer,Manual,1.0
2977,2013.0,475000,80000.0,Diesel,Dealer,Manual,1.0
2978,2008.0,795000,98600.0,Diesel,Dealer,Automatic,1.0
2979,2015.0,850000,58000.0,Petrol,Dealer,Automatic,1.0
2980,2017.0,585000,85441.0,Diesel,Dealer,Manual,1.0
2981,2015.0,380000,64541.0,Diesel,Dealer,Manual,1.0
2982,2019.0,650000,35000.0,Diesel,Individual,Manual,1.0
2983,2018.0,600000,30000.0,Petrol,Individual,Manual,1.0
2984,2017.0,434999,16267.0,Petrol,Dealer,Manual,1.0
2985,2013.0,525000,71500.0,Diesel,Dealer,Manual,1.0
2986,2008.0,160000,80000.0,Petrol,Individual,Manual,1.0
2987,2007.0,160000,90000.0,Petrol,Individual,Manual,2.0
2988,2017.0,900000,14700.0,Petrol,Individual,Manual,1.0
2989,2009.0,150000,100000.0,Petrol,Individual,Manual,2.0
2990,2019.0,950000,24000.0,Petrol,Individual,Automatic,1.0
2991,2007.0,110000,90000.0,Petrol,Individual,Manual,1.0
2992,2015.0,375000,30000.0,Petrol,Individual,Manual,1.0
2993,2017.0,350000,80000.0,Petrol,Individual,Manual,1.0
2994,2012.0,310000,92686.0,Diesel,Dealer,Manual,2.0
2995,2011.0,350000,90000.0,Petrol,Individual,Manual,2.0
2996,2003.0,100000,60000.0,Petrol,Individual,Manual,1.0
2997,2014.0,280000,55000.0,Petrol,Individual,Manual,1.0
2998,2018.0,360000,6000.0,Petrol,Individual,Manual,1.0
2999,2011.0,150000,40000.0,Petrol,Individual,Manual,2.0
3000,2017.0,900000,15000.0,Petrol,Individual,Automatic,1.0
3001,2005.0,120000,50000.0,Diesel,Individual,Manual,2.0
3002,2010.0,215000,90000.0,Petrol,Individual,Manual,2.0
3003,2013.0,550000,38500.0,Diesel,Individual,Manual,1.0
3004,2018.0,775000,35000.0,Petrol,Individual,Manual,1.0
3005,2001.0,409999,49359.0,Petrol,Individual,Manual,3.0
3006,2005.0,65000,70000.0,Petrol,Individual,Manual,2.0
3007,2008.0,200000,90000.0,Petrol,Individual,Manual,2.0
3008,2010.0,240000,50000.0,Petrol,Individual,Manual,2.0
3009,2012.0,800000,108731.0,Diesel,Individual,Manual,1.0
3010,2010.0,400000,120000.0,Diesel,Individual,Manual,1.0
3011,2007.0,150000,90000.0,Diesel,Individual,Manual,3.0
3012,2014.0,500000,140000.0,Diesel,Individual,Manual,2.0
3013,2014.0,320000,80000.0,Petrol,Individual,Manual,1.0
3014,2018.0,285000,14000.0,Petrol,Individual,Manual,1.0
3015,2012.0,360000,70000.0,Diesel,Individual,Manual,2.0
3016,2009.0,450000,55000.0,Petrol,Individual,Manual,2.0
3017,2011.0,175000,60000.0,Petrol,Individual,Manual,3.0
3018,2011.0,350000,74000.0,Diesel,Individual,Manual,2.0
3019,2020.0,530000,45000.0,Diesel,Dealer,Manual,1.0
3020,2017.0,1025000,38000.0,Diesel,Dealer,Manual,1.0
3021,2017.0,950000,24000.0,Diesel,Dealer,Manual,1.0
3022,2017.0,725000,29976.0,Petrol,Dealer,Manual,1.0
3023,2017.0,919999,41000.0,Petrol,Dealer,Manual,1.0
3024,2018.0,700000,15000.0,Diesel,Dealer,Manual,1.0
3025,2017.0,725000,36000.0,Diesel,Dealer,Manual,1.0
3026,2017.0,840000,30646.0,Petrol,Dealer,Manual,1.0
3027,2015.0,365000,23600.0,Petrol,Dealer,Manual,1.0
3028,2014.0,665000,71318.0,Diesel,Dealer,Manual,1.0
3029,2003.0,50000,78098.0,Petrol,Individual,Manual,1.0
3030,2014.0,225000,30000.0,Diesel,Individual,Manual,1.0
3031,2012.0,229999,45000.0,Petrol,Individual,Manual,2.0
3032,2008.0,145000,67000.0,Petrol,Individual,Manual,1.0
3033,2018.0,624000,60000.0,Diesel,Dealer,Manual,1.0
3034,2017.0,750000,18054.0,Petrol,Dealer,Manual,1.0
3035,2015.0,785000,40000.0,Diesel,Individual,Manual,1.0
3036,2011.0,225000,30000.0,Petrol,Individual,Manual,1.0
3037,2017.0,300000,80000.0,Diesel,Individual,Manual,1.0
3038,2016.0,680000,20000.0,Diesel,Individual,Manual,1.0
3039,2016.0,700000,40000.0,Diesel,Individual,Manual,1.0
3040,2011.0,180000,120000.0,Diesel,Individual,Manual,1.0
3041,2008.0,270000,120000.0,Diesel,Individual,Manual,2.0
3042,2010.0,370000,97000.0,Petrol,Individual,Manual,2.0
3043,2018.0,1100000,70000.0,Diesel,Individual,Manual,1.0
3044,2013.0,430000,88000.0,Diesel,Individual,Manual,2.0
3045,2014.0,550000,38406.0,Diesel,Dealer,Manual,1.0
3046,2014.0,320000,54350.0,Petrol,Dealer,Manual,1.0
3047,2015.0,390000,32260.0,Petrol,Dealer,Manual,1.0
3048,2014.0,550000,58231.0,Diesel,Dealer,Manual,1.0
3049,2012.0,370000,59858.0,Petrol,Dealer,Manual,1.0
3050,2010.0,190000,73350.0,Petrol,Dealer,Manual,1.0
3051,2013.0,509999,60000.0,Diesel,Dealer,Manual,1.0
3052,2013.0,450000,96987.0,Petrol,Dealer,Manual,1.0
3053,2015.0,550000,61187.0,Diesel,Dealer,Manual,1.0
3054,2009.0,400000,68350.0,Diesel,Dealer,Manual,1.0
3055,2015.0,585000,81150.0,Diesel,Dealer,Manual,1.0
3056,2019.0,500000,60000.0,Petrol,Individual,Manual,1.0
3057,2015.0,800000,30000.0,Petrol,Individual,Manual,1.0
3058,2009.0,265000,120000.0,Diesel,Individual,Manual,2.0
3059,2007.0,125000,50000.0,Petrol,Individual,Manual,2.0
3060,2010.0,165000,60000.0,Diesel,Individual,Manual,1.0
3061,2015.0,1025000,90000.0,Diesel,Individual,Manual,2.0
3062,2012.0,380000,90000.0,Diesel,Individual,Manual,4.0
3063,2010.0,250000,110000.0,Diesel,Individual,Manual,3.0
3064,2016.0,500000,35000.0,Diesel,Individual,Manual,1.0
3065,2018.0,350000,15000.0,Petrol,Individual,Manual,1.0
3066,2010.0,190000,52000.0,Petrol,Individual,Manual,2.0
3067,2009.0,940000,140000.0,Diesel,Individual,Manual,1.0
3068,2013.0,475000,60000.0,Petrol,Individual,Manual,2.0
3069,2018.0,300000,17000.0,Petrol,Individual,Manual,1.0
3070,2016.0,250000,70000.0,Petrol,Individual,Manual,3.0
3071,2001.0,93000,97000.0,Petrol,Individual,Manual,4.0
3072,2012.0,290000,125000.0,Diesel,Individual,Manual,2.0
3073,2015.0,1000000,120000.0,Diesel,Individual,Manual,2.0
3074,2015.0,550000,87000.0,Diesel,Individual,Manual,1.0
3075,2010.0,285000,75000.0,Diesel,Individual,Manual,3.0
3076,2016.0,650000,60000.0,Petrol,Individual,Manual,1.0
3077,2015.0,260000,60000.0,Petrol,Individual,Manual,1.0
3078,2007.0,550000,60000.0,Diesel,Individual,Manual,2.0
3079,2010.0,215000,60000.0,Petrol,Individual,Manual,2.0
3080,2012.0,229999,40000.0,Petrol,Individual,Manual,2.0
3081,2014.0,580000,120000.0,Diesel,Individual,Manual,1.0
3082,2005.0,175000,100000.0,Petrol,Individual,Manual,4.0
3083,2012.0,250000,110000.0,Diesel,Individual,Manual,4.0
3084,2014.0,320000,60000.0,Petrol,Individual,Manual,1.0
3085,2006.0,70000,105700.0,Petrol,Individual,Manual,1.0
3086,2017.0,430999,14000.0,Petrol,Dealer,Manual,1.0
3087,2010.0,80000,70000.0,Petrol,Individual,Manual,1.0
3088,2019.0,335000,28000.0,Petrol,Dealer,Manual,1.0
3089,2017.0,350000,51000.0,Petrol,Dealer,Manual,1.0
3090,2018.0,315000,56000.0,Petrol,Dealer,Manual,1.0
3091,2019.0,1100000,35000.0,Diesel,Individual,Automatic,1.0
3092,2005.0,80000,24000.0,Petrol,Individual,Manual,1.0
3093,2014.0,285000,64000.0,Petrol,Dealer,Manual,2.0
3094,2009.0,100000,120000.0,Diesel,Individual,Manual,3.0
3095,2011.0,225000,37091.0,Petrol,Individual,Manual,1.0
3096,2018.0,320000,38900.0,Petrol,Individual,Manual,3.0
3097,2008.0,120000,110000.0,Petrol,Individual,Manual,3.0
3098,2011.0,200000,100000.0,Diesel,Individual,Manual,2.0
3099,2016.0,1151000,85000.0,Diesel,Individual,Manual,1.0
3100,2012.0,120000,140000.0,Diesel,Individual,Manual,1.0
3101,2017.0,220000,20000.0,Petrol,Individual,Manual,1.0
3102,2018.0,784000,40000.0,Diesel,Individual,Manual,1.0
3103,2017.0,500000,50000.0,Petrol,Individual,Manual,1.0
3104,2018.0,350000,20000.0,Diesel,Individual,Manual,1.0
3105,2019.0,525000,9400.0,Petrol,Individual,Manual,1.0
3106,2017.0,930000,12000.0,Diesel,Individual,Manual,1.0
3107,2017.0,440000,14100.0,CNG,Dealer,Manual,1.0
3108,2016.0,434999,21000.0,Petrol,Dealer,Manual,1.0
3109,2011.0,250000,28000.0,Petrol,Dealer,Manual,1.0
3110,2017.0,940000,35000.0,Diesel,Dealer,Manual,1.0
3111,2017.0,1050000,31000.0,Diesel,Dealer,Automatic,1.0
3112,2016.0,825000,58000.0,Diesel,Dealer,Manual,1.0
3113,2012.0,229999,25000.0,Petrol,Individual,Manual,1.0
3114,2011.0,375000,72000.0,Petrol,Dealer,Manual,1.0
3115,2013.0,640000,89000.0,Diesel,Dealer,Manual,1.0
3116,2012.0,800000,160000.0,Diesel,Dealer,Manual,1.0
3117,2012.0,130000,30000.0,Petrol,Individual,Manual,3.0
3118,2014.0,300000,37555.0,Petrol,Dealer,Manual,1.0
3119,2018.0,440000,14000.0,Petrol,Dealer,Manual,1.0
3120,2014.0,595000,56600.0,CNG,Dealer,Manual,1.0
3121,2013.0,450000,110000.0,Diesel,Individual,Manual,1.0
3122,2017.0,690000,50000.0,Diesel,Individual,Manual,1.0
3123,2019.0,300000,5000.0,Petrol,Individual,Manual,1.0
3124,2014.0,170000,100000.0,Petrol,Individual,Manual,2.0
3125,2012.0,280000,120000.0,Diesel,Individual,Manual,1.0
3126,2009.0,220000,67580.0,Petrol,Individual,Manual,2.0
3127,2009.0,140000,100000.0,Petrol,Individual,Manual,3.0
3128,2004.0,45000,60000.0,Petrol,Individual,Manual,1.0
3129,2014.0,200000,125000.0,Diesel,Individual,Manual,2.0
3130,2008.0,325000,120000.0,Diesel,Individual,Manual,2.0
3131,2010.0,300000,130000.0,Diesel,Individual,Manual,2.0
3132,2015.0,280000,40000.0,Diesel,Individual,Manual,1.0
3133,2013.0,225000,78000.0,Diesel,Dealer,Manual,1.0
3134,2015.0,750000,48238.0,Petrol,Trustmark Dealer,Automatic,1.0
3135,2016.0,535000,38365.0,Petrol,Dealer,Manual,1.0
3136,2017.0,650000,49834.0,Petrol,Trustmark Dealer,Manual,1.0
3137,2013.0,295000,57353.0,Petrol,Trustmark Dealer,Manual,1.0
3138,2015.0,480000,68308.0,Diesel,Trustmark Dealer,Manual,1.0
3139,2015.0,575000,63240.0,Diesel,Trustmark Dealer,Manual,1.0
3140,2008.0,69000,100000.0,Petrol,Individual,Manual,1.0
3141,2020.0,426000,1000.0,Diesel,Individual,Manual,1.0
3142,2017.0,650000,6000.0,Diesel,Individual,Manual,1.0
3143,2015.0,295000,90000.0,Diesel,Individual,Manual,3.0
3144,2017.0,260000,30000.0,Petrol,Dealer,Manual,1.0
3145,2009.0,199000,52536.0,Petrol,Individual,Manual,1.0
3146,2011.0,330000,100000.0,Diesel,Individual,Manual,2.0
3147,2009.0,150000,80000.0,Petrol,Individual,Manual,1.0
3148,2016.0,927999,90000.0,Diesel,Individual,Manual,1.0
3149,2003.0,70000,60000.0,Petrol,Individual,Manual,4.0
3150,2015.0,399000,55000.0,Diesel,Dealer,Manual,1.0
3151,2015.0,350000,90000.0,Diesel,Individual,Manual,1.0
3152,2006.0,125000,50000.0,Diesel,Individual,Manual,2.0
3153,2008.0,150000,60000.0,Petrol,Individual,Manual,1.0
3154,2014.0,675000,61000.0,Diesel,Dealer,Manual,1.0
3155,2018.0,950000,30000.0,Diesel,Individual,Manual,1.0
3156,2018.0,409999,45000.0,CNG,Individual,Manual,1.0
3157,2011.0,225000,60000.0,Diesel,Individual,Manual,1.0
3158,2008.0,350000,75000.0,Petrol,Individual,Manual,2.0
3159,2005.0,51111,140000.0,Petrol,Individual,Manual,3.0
3160,2013.0,290000,56000.0,Diesel,Dealer,Manual,1.0
3161,2006.0,310000,62000.0,Electric,Dealer,Automatic,2.0
3162,2007.0,212000,58000.0,Diesel,Dealer,Manual,2.0
3163,2013.0,900000,49000.0,Diesel,Dealer,Automatic,2.0
3164,2011.0,221000,56000.0,Diesel,Dealer,Manual,2.0
3165,2013.0,675000,73000.0,Diesel,Dealer,Manual,1.0
3166,2014.0,421000,60000.0,Diesel,Dealer,Manual,1.0
3167,2008.0,350000,10000.0,Petrol,Individual,Manual,1.0
3168,2010.0,140000,110000.0,CNG,Individual,Manual,1.0
3169,2002.0,90000,60000.0,Diesel,Individual,Manual,2.0
3170,2009.0,180000,30000.0,Petrol,Individual,Manual,1.0
3171,2009.0,210000,109000.0,Diesel,Individual,Manual,2.0
3172,2017.0,700000,90000.0,Diesel,Individual,Manual,1.0
3173,2012.0,125000,120000.0,Diesel,Individual,Manual,1.0
3174,2017.0,530000,64916.0,Petrol,Individual,Manual,1.0
3175,2018.0,800000,37161.0,Diesel,Dealer,Manual,1.0
3176,2016.0,580000,15000.0,Petrol,Individual,Manual,1.0
3177,2018.0,300000,50852.0,Petrol,Individual,Manual,1.0
3178,2015.0,700000,77000.0,Diesel,Individual,Manual,1.0
3179,2012.0,250000,60000.0,Petrol,Individual,Manual,3.0
3180,2016.0,500000,120000.0,Diesel,Individual,Manual,1.0
3181,2009.0,428000,40000.0,Petrol,Individual,Automatic,3.0
3182,2013.0,219000,53500.0,Petrol,Individual,Manual,3.0
3183,2010.0,409999,60000.0,Petrol,Individual,Manual,1.0
3184,2018.0,570000,5000.0,Petrol,Individual,Manual,1.0
3185,2007.0,160000,80000.0,Petrol,Individual,Manual,3.0
3186,2017.0,749000,51500.0,Diesel,Individual,Manual,2.0
3187,2014.0,550000,79800.0,Diesel,Dealer,Manual,1.0
3188,2015.0,550000,97000.0,Diesel,Dealer,Manual,2.0
3189,2017.0,700000,49957.0,Diesel,Dealer,Manual,1.0
3190,2017.0,600000,43235.0,Diesel,Dealer,Manual,1.0
3191,2018.0,925000,50699.0,Diesel,Dealer,Manual,1.0
3192,2015.0,459999,140730.0,Diesel,Dealer,Manual,2.0
3193,2015.0,565000,46000.0,Petrol,Individual,Manual,1.0
3194,2013.0,170000,80000.0,Petrol,Individual,Manual,3.0
3195,2008.0,295000,120000.0,Diesel,Individual,Manual,1.0
3196,2018.0,819999,40000.0,Diesel,Individual,Manual,1.0
3197,2019.0,819999,40000.0,Diesel,Individual,Manual,1.0
3198,2015.0,550000,135000.0,Diesel,Individual,Manual,2.0
3199,2015.0,550000,50000.0,Diesel,Individual,Manual,1.0
3200,2017.0,590000,98000.0,Diesel,Individual,Manual,1.0
3201,2017.0,950000,50000.0,Diesel,Individual,Manual,1.0
3202,2013.0,500000,120000.0,Diesel,Individual,Manual,1.0
3203,2017.0,720000,35000.0,Diesel,Individual,Manual,1.0
3204,2015.0,390000,70000.0,Diesel,Individual,Manual,2.0
3205,2014.0,500000,35000.0,Diesel,Individual,Manual,1.0
3206,2017.0,780000,50000.0,Diesel,Individual,Manual,1.0
3207,2015.0,484999,90000.0,Diesel,Individual,Manual,2.0
3208,2012.0,420000,90000.0,Diesel,Individual,Manual,2.0
3209,2015.0,350000,50000.0,Diesel,Individual,Manual,2.0
3210,2015.0,350000,120000.0,Diesel,Individual,Manual,3.0
3211,2011.0,800000,60000.0,Diesel,Individual,Manual,1.0
3212,2004.0,125000,70000.0,Petrol,Individual,Automatic,2.0
3213,2010.0,75000,60000.0,Diesel,Individual,Manual,3.0
3214,2018.0,509999,15000.0,Petrol,Individual,Manual,1.0
3215,2014.0,215000,80000.0,Diesel,Individual,Manual,3.0
3216,2017.0,680000,60000.0,Diesel,Individual,Manual,1.0
3217,2014.0,480000,101000.0,Diesel,Dealer,Manual,1.0
3218,2016.0,630000,55000.0,Diesel,Dealer,Manual,1.0
3219,2007.0,190000,115000.0,Petrol,Dealer,Manual,2.0
3220,2015.0,500000,100000.0,Diesel,Dealer,Manual,1.0
3221,2014.0,850000,52000.0,Diesel,Dealer,Manual,2.0
3222,2011.0,350000,105000.0,Diesel,Dealer,Manual,1.0
3223,2015.0,495000,105000.0,Diesel,Dealer,Manual,1.0
3224,2017.0,890000,60000.0,Diesel,Individual,Manual,2.0
3225,2018.0,1100000,25000.0,Diesel,Individual,Automatic,2.0
3226,2006.0,115999,100000.0,Diesel,Individual,Manual,1.0
3227,2014.0,300000,50000.0,Petrol,Individual,Manual,1.0
3228,2014.0,190000,115000.0,Petrol,Dealer,Manual,2.0
3229,2015.0,500000,100000.0,Diesel,Individual,Manual,1.0
3230,2009.0,233000,58000.0,Petrol,Individual,Manual,3.0
3231,2015.0,300000,110000.0,Diesel,Individual,Manual,2.0
3232,2020.0,614000,1000.0,Petrol,Individual,Manual,1.0
3233,2010.0,250000,100000.0,Petrol,Individual,Manual,2.0
3234,2010.0,250000,110000.0,Petrol,Individual,Manual,2.0
3235,2011.0,200000,40000.0,Petrol,Individual,Manual,1.0
3236,2013.0,290000,52000.0,Petrol,Individual,Manual,1.0
3237,2013.0,320000,80000.0,Petrol,Individual,Manual,2.0
3238,2006.0,145000,52000.0,Petrol,Individual,Manual,2.0
3239,2005.0,100000,124000.0,Petrol,Individual,Manual,2.0
3240,2006.0,145000,66000.0,Petrol,Individual,Automatic,2.0
3241,2008.0,110000,120000.0,Petrol,Individual,Manual,3.0
3242,2019.0,680000,40000.0,Diesel,Individual,Manual,1.0
3243,2004.0,37500,90000.0,Petrol,Individual,Manual,2.0
3244,2011.0,200000,120000.0,Diesel,Individual,Manual,2.0
3245,2015.0,630000,50000.0,Diesel,Individual,Manual,1.0
3246,2006.0,1050000,30000.0,Diesel,Dealer,Automatic,1.0
3247,2018.0,200000,60000.0,Petrol,Individual,Manual,1.0
3248,2019.0,1000000,15000.0,Diesel,Individual,Manual,1.0
3249,2017.0,415000,20000.0,Petrol,Individual,Manual,1.0
3250,2014.0,500000,82000.0,Diesel,Individual,Manual,1.0
3251,2013.0,150000,60000.0,Petrol,Individual,Manual,2.0
3252,2005.0,95000,60000.0,Petrol,Individual,Manual,2.0
3253,2008.0,114999,66782.0,Petrol,Individual,Manual,2.0
3254,2006.0,75000,130000.0,Petrol,Individual,Manual,1.0
3255,2014.0,195000,75000.0,Diesel,Individual,Manual,2.0
3256,2015.0,155000,40000.0,Petrol,Individual,Manual,1.0
3257,2005.0,65000,150000.0,Petrol,Individual,Manual,3.0
3258,2015.0,190000,60000.0,Petrol,Individual,Manual,2.0
3259,2012.0,200000,112198.0,Diesel,Individual,Manual,2.0
3260,2010.0,160000,60000.0,Petrol,Individual,Manual,2.0
3261,2010.0,150000,130000.0,Diesel,Individual,Manual,2.0
3262,2015.0,750000,120000.0,Diesel,Individual,Manual,1.0
3263,2012.0,225000,90000.0,Diesel,Individual,Manual,1.0
3264,2014.0,409999,80000.0,Diesel,Individual,Manual,2.0
3265,2009.0,110000,83000.0,Petrol,Individual,Manual,2.0
3266,2016.0,865000,90000.0,Diesel,Individual,Manual,1.0
3267,2016.0,225000,40000.0,Petrol,Individual,Manual,1.0
